13166;0;610000000;Туркестанская область
13167;13166;611000000;Туркестан Г.А.
13168;13167;611010000;г.Туркестан
13169;13166;611600000;Арысь Г.А.
13170;13169;611610000;г.Арысь
13171;13169;611633000;Акдалинский с.о.
13172;13171;611633100;с.Акдала
13173;13171;611633200;с.Акын Жакып
13174;13171;611633300;с.Пакентай Арапов
13175;13171;611633400;с.Тахыркол
13176;13171;611633500;с.Тогайлы
13177;13169;611635000;с.о.Байыркумский
13178;13177;611635100;с.Байыркум
13179;13177;611635300;с.Жосалы
13180;13177;611635500;с.Кокжиде
13181;13169;611637000;Дармениский с.о.
13182;13181;611637100;с.Дермене
13183;13181;611637200;с.Саналы
13184;13181;611637300;с.Каражантак
13185;13181;611637400;с.Орманды
13186;13181;611637500;с.40-разъезд
13187;13181;611637700;с.Темиржолшы
13188;13181;611637800;с.Кызылкопир
13189;13169;611639000;с.о.Жидели
13190;13189;611639100;с.Жидели
13191;13189;611639200;с.Аккала
13192;13169;611645000;Монтайтасский с.о.
13193;13192;611645100;с.Монтайтас
13194;13192;611645200;с.Актас
13195;13192;611645300;с.Бакырша
13196;13192;611645400;с.Кабылсай
13197;13192;611645500;с.Атамекен
13198;13192;611645600;с.42-разъезд
13199;13192;611645700;с.Тогансай
13200;13192;611645800;с.Шагыр
13201;13169;611647000;с.о.Кожатогай
13202;13201;611647100;с.Кожатогай
13203;13201;611647200;с.Байтогай
13204;13201;611647300;с.Булак
13205;13201;611647400;с.Дарбаза
13206;13201;611647500;с.Сырдария
13207;13201;611647700;с.Шогирли
13208;13166;612000000;Кентау Г.А.
13209;13208;612010000;г.Кентау
13210;13208;612033000;с.а.Ачисай
13211;13210;612033100;с.Ачисай
13212;13208;612035000;с.а.Баялдыр
13213;13212;612035100;с.Баялдыр
13214;13208;612037000;с.а.Кантаги
13215;13214;612037100;с.Кантаги
13216;13208;612039000;Карнакский с.о.
13217;13216;612039100;с.Карнак
13218;13216;612039200;с.Бургем
13219;13216;612039300;с.Кушата
13220;13166;613600000;район Байдибека
13221;13220;613630000;Шаянский с.о.
13222;13221;613630100;с.Шаян
13223;13220;613633000;Агыбетский с.о.
13224;13223;613633100;с.Агыбет
13225;13223;613633200;с.Алгабас
13226;13223;613633300;с.Жанаталап
13227;13223;613633400;с.Жулдыз
13228;13220;613635000;Акбастауский с.о.
13229;13228;613635100;с.Акбастау
13230;13228;613635200;с.Жолгабас
13231;13228;613635400;с.Кенес
13232;13228;613635700;с.Туракты
13233;13220;613637000;Алгабасский с.о.
13234;13233;613637100;с.Шакпак
13235;13234;613637103;Чабанский жил.дом
13236;13233;613637200;с.Казата
13237;13236;613637203;Чабанский жил.дом
13238;13233;613637300;с.Танатар
13239;13238;613637303;Чабанский жил.дом
13240;13233;613637400;с.Усиктас
13241;13220;613639000;Алмалинский с.о.
13242;13241;613639100;с.Алмалы
13243;13242;613639180;с.Байжансай
13244;13241;613639200;с.Жарыкбас
13245;13241;613639300;с.Байдибек
13246;13220;613645000;Боралдайский с.о.
13247;13246;613645100;с.Боралдай
13248;13246;613645200;с.Амансай
13249;13246;613645300;с.Жогаргы Боралдай
13250;13249;613645303;Чабанский жил.дом
13251;13246;613645400;с.Жыланды
13252;13251;613645403;Чабанский жил.дом
13253;13246;613645500;с.Акжар
13254;13253;613645580;с.Каратас
13255;13253;613645583;Чабанский жил.дом
13256;13246;613645600;с.Сарыбулак
13257;13256;613645603;Чабанский жил.дом
13258;13246;613645700;с.О.Тайманова
13259;13258;613645703;Чабанский жил.дом
13260;13246;613645800;с.Талап
13261;13260;613645803;Чабанский жил.дом
13262;13260;613645880;с.Теректи
13263;13260;613645883;Чабанский жил.дом
13264;13246;613645900;с.Туйетас
13265;13264;613645903;Чабанский жил.дом
13266;13220;613647000;Борлысайский с.о.
13267;13266;613647100;с.Актас
13268;13266;613647300;с.Кенсай
13269;13266;613647400;с.Кошкарата
13270;13266;613647600;с.Шукыршак
13271;13220;613649000;Бугунский с.о.
13272;13271;613649100;с.Шалдар
13273;13272;613649103;Чабанский жил.дом
13274;13271;613649300;с.Екпинди
13275;13274;613649303;Чабанский жил.дом
13276;13271;613649400;с.Жиенкум
13277;13276;613649403;Чабанский жил.дом
13278;13271;613649500;с.Саркырама
13279;13278;613649503;Чабанский жил.дом
13280;13220;613653000;Жамбылский с.о.
13281;13280;613653100;с.Жамбыл
13282;13281;613653103;Чабанский жил.дом
13283;13280;613653200;с.Жузимдик
13284;13283;613653203;Чабанский жил.дом
13285;13280;613653300;с.Кызылжар
13286;13285;613653303;Чабанский жил.дом
13287;13280;613653500;с.Таскудык
13288;13287;613653503;Чабанский жил.дом
13289;13280;613653600;с.Шыбыт
13290;13289;613653603;Чабанский жил.дом
13291;13220;613655000;Коктерекский с.о.
13292;13291;613655100;с.Бирлик
13293;13292;613655103;Чабанский жил.дом
13294;13291;613655200;с. Ынтымак
13295;13294;613655203;Чабанский жил.дом
13296;13291;613655300;с.Кенестобе
13297;13296;613655303;Чабанский жил.дом
13298;13220;613659000;Мынбулакский с.о.
13299;13298;613659100;с.Мынбулак
13300;13298;613659200;с.Акбулак
13301;13300;613659203;Чабанский жил.дом
13302;13298;613659300;с.Бестогай
13303;13302;613659303;Чабанский жил.дом
13304;13298;613659400;с.Кайнарбулак
13305;13298;613659500;с.Косбулак
13306;13298;613659600;с.Мадениет
13307;13298;613659700;с.Нура
13308;13307;613659703;Чабанский жил.дом
13309;13166;613800000;Жетисайский район
13310;13309;613820100;г.Жетысай
13311;13309;613833000;Абайский с.о.
13312;13311;613833100;с.Халыктар достыгы
13313;13311;613833200;с.Жузимдик
13314;13311;613833300;с.Алтын кемер
13315;13311;613833400;с.Отан
13316;13311;613833500;с.Бейбитшилик
13317;13311;613833600;с. Атажурт
13318;13309;613839000;с.о.Жолдасбая Ералиева
13319;13318;613839100;с.Абай
13320;13318;613839200;с.Дихан
13321;13320;613839280;с.Жазыксай
13322;13318;613839300;с.Ауезова
13323;13318;613839400;с.Жагажай
13324;13318;613839500;с.Жетикубыр
13325;13324;613839580;с.Байтерек
13326;13318;613839600;с.Коктобе
13327;13326;613839680;с.Жетиказына
13328;13318;613839700;с.Муратбаево
13329;13318;613839800;с.Арай
13330;13329;613839880;с.Жанадауир
13331;13318;613839900;с.Сейфуллина
13332;13331;613839980;с.Утиртобе
13333;13309;613843000;Асыкатинская п.а.
13334;13333;613843100;п. Асыката
13335;13309;613849000;с.о.Шаблана Дильдабекова
13336;13335;613849100;с.Джамбул
13337;13335;613849200;с.Зердели
13338;13337;613849280;с.Бирлик
13339;13335;613849300;с.Достык
13340;13335;613849400;с.Жанадала
13341;13340;613849480;с.Байдала
13342;13335;613849500;с.Алпамыс
13343;13342;613849580;с.Кемер
13344;13335;613849600;с.Куришти
13345;13344;613849680;с.Кызылтан
13346;13335;613849700;с.Сырабат
13347;13335;613849800;с.Сайлау
13348;13335;613849900;с.Сулубулак
13349;13309;613853000;Жанааульский с.о.
13350;13349;613853100;с.Атаконыс
13351;13349;613853200;с.Мырзашол
13352;13349;613853300;с.Абдихалык
13353;13349;613853400;с.Карой
13354;13349;613853500;с.Жанаауыл
13355;13349;613853600;с.Ынтымак
13356;13309;613857000;Жылысуский с.о.
13357;13356;613857100;с.Аль-Фараби
13358;13356;613857200;с.Байконыс
13359;13356;613857400;с.Жылысу
13360;13356;613857500;с.Мырзашокы
13361;13356;613857600;с.Сейфуллина
13362;13356;613857700;с.Бакконыс
13363;13309;613865000;Атамекенский с.о.
13364;13363;613865100;с.Атамекен
13365;13363;613865200;с.Алимбетово
13366;13363;613865300;с.Гарышкер
13367;13363;613865400;с.Габдуллино
13368;13363;613865500;с.Жемисти
13369;13368;613865580;с.Жибекши
13370;13363;613865600;с.Баянды
13371;13370;613865680;с.Калпаксай
13372;13363;613865700;с.Когалы
13373;13372;613865780;с.Макташы
13374;13363;613865800;с.Прали
13375;13374;613865880;с.Талапты
13376;13363;613865980;с.Тындала
13377;13309;613867000;Каракайский с.о.
13378;13377;613867100;с.Каракайское
13379;13377;613867200;с.Батырхан
13380;13377;613867300;с.Енбек
13381;13377;613867400;с.Жорабек
13382;13377;613867500;с.Сатпаева
13383;13377;613867600;с.Караозек
13384;13377;613867700;с.Орыскудук
13385;13377;613867800;с.Серикбай
13386;13377;613867900;с.Кетебай
13387;13309;613871000;Кызылкумский с.о.
13388;13387;613871100;с.Датка
13389;13387;613871200;с.Актобе
13390;13389;613871280;с.Алгабас
13391;13387;613871300;с.Коскудык
13392;13391;613871380;с.Акжайлау
13393;13387;613871400;с.Кызылкум
13394;13393;613871480;с.Ақбұлақ
13395;13387;613871500;с.Карасакал
13396;13395;613871580;с.Жалпаккум
13397;13387;613871600;с.Туркебай
13398;13397;613871680;с.Кызылту
13399;13387;613871700;с.Молшылык
13400;13399;613871780;с.Макталы
13401;13387;613871800;с.Алтынкөл
13402;13401;613871880;с.Кобек
13403;13387;613871900;с.Енбекши
13404;13403;613871980;с.Костакыр
13405;13309;613879000;Макталинский с.о.
13406;13405;613879100;с.Макталы
13407;13405;613879200;с.Алтынсарина
13408;13405;613879300;с.Жайлауколь
13409;13405;613879400;с.Шолпанкудук
13410;13409;613879480;с.Темиржол
13411;13405;613879500;с.Жибек жолы
13412;13411;613879580;с.Алмалы
13413;13405;613879600;с.Дархан
13414;13405;613879700;с.Саркырама
13415;13405;613879800;с.Тын
13416;13405;613879900;с.Жетісу
13417;13309;613887000;Ынтымакский с.о.
13418;13417;613887100;с.Корикти
13419;13417;613887200;с.Агынсай
13420;13417;613887300;с.Ушкопир
13421;13417;613887500;с.Оркенды
13422;13421;613887502;с.Победа
13423;13417;613887600;с.Аден ата
13424;13417;613887700;с.Талапты
13425;13417;613887800;с.Акниет
13426;13417;613887900;с.Нураул
13427;13309;613889000;с.о. Казыбек би
13428;13427;613889100;с.Казыбек би
13429;13427;613889200;с.Алгабас
13430;13427;613889300;с.Алькен Оспанова
13431;13427;613889400;с.Джамбул
13432;13427;613889500;с.Таубай ата
13433;13427;613889600;с.Курбан-Ата
13434;13427;613889700;с.Абибола
13435;13166;613900000;Келесский район
13436;13435;613930000;Абайский с.о.
13437;13436;613930100;с.Абай
13438;13435;613937000;Актобинский с.о.
13439;13438;613937100;с.Жуантобе
13440;13438;613937200;с.Акжар
13441;13438;613937300;с.Жанадауир
13442;13441;613937380;с.Кеңдала
13443;13438;613937400;с.Ескикорган
13444;13443;613937480;с.Когерту
13445;13438;613937500;с.Каратобе
13446;13445;613937580;с.Кияжол
13447;13438;613937600;с.Лесбек батыр
13448;13447;613937680;с.Бозсу
13449;13438;613937700;с.Муратбаево
13450;13449;613937780;с.Куйган
13451;13438;613937800;с.Кокбулак
13452;13438;613937900;с.Ынтымак
13453;13435;613941000;Бозайский с.о.
13454;13453;613941100;с.Бозай
13455;13453;613941200;с.Тартогай
13456;13453;613941300;с.Тентексай
13457;13453;613941400;с.Шолантобе
13458;13435;613943000;Бирлесуский с.о.
13459;13458;613943100;с.28 гвардейцев
13460;13458;613943200;с.Казахстан
13461;13458;613943300;с.Дихан
13462;13458;613943400;с.Берекели
13463;13435;613945000;Бирликский с.о.
13464;13463;613945100;с.Бирлик
13465;13463;613945200;с.Жанатиршилик
13466;13463;613945300;с.Ащысай
13467;13463;613945400;с.Курыозек
13468;13463;613945500;с.Мадениет
13469;13463;613945600;с. Косоткел
13470;13463;613945700;с.Ушагаш
13471;13435;613947000;Биртилекский с.о.
13472;13471;613947100;с.Шырылдак
13473;13471;613947200;с.Аккурган
13474;13473;613947280;с.Амангельды
13475;13471;613947300;с.Көлтоған
13476;13475;613947380;с.Жабайытобе
13477;13471;613947400;с.Ораз ата
13478;13471;613947600;с.Жолбасшы
13479;13478;613947680;с.Игилик
13480;13471;613947700;с.Курылыс
13481;13480;613947780;с.Керегетас
13482;13471;613947880;с.Биртилек
13483;13471;613947900;с.Шукырсай
13484;13483;613947980;с.Енбекши
13485;13435;613953000;Жамбылский с.о.
13486;13485;613953100;с.Бекбота
13487;13485;613953200;с.Ашикуль
13488;13485;613953300;с.Байгабыл
13489;13485;613953400;с.Калгансыр
13490;13485;613953500;с.Майдабозай
13491;13435;613959000;Жузумдикский с.о.
13492;13491;613959100;с.Бирлесу
13493;13491;613959200;с. Аксу
13494;13491;613959300;с.Жузумдик
13495;13491;613959400;с.Онтустик
13496;13435;613971000;Кошкаратинский с.о.
13497;13496;613971100;с.Алгабас
13498;13496;613971200;с.Бескубыр
13499;13496;613971300;с.Аманжар
13500;13496;613971400;с.Жамбыл
13501;13500;613971480;с.Жанаконыс
13502;13496;613971500;с. Бесауыл
13503;13502;613971580;с.Карабура аулие
13504;13496;613971600;с.Кошкарата
13505;13504;613971680;с. Байтерек
13506;13496;613971700;с.Макташы
13507;13506;613971780;с.1 Мамыр
13508;13496;613971800;с.Ушкын
13509;13496;613971900;с.Шыныр
13510;13435;613975000;Алпамыс батыра с.о.
13511;13510;613975100;с.Ақжол
13512;13510;613975200;с.Кауыншы
13513;13435;613977000;Ошактинский с.о.
13514;13513;613977100;с.Ошакты
13515;13513;613977200;с.Атаконыс
13516;13513;613977300;с.Енбек
13517;13513;613977400;с.Жетитобе
13518;13513;613977500;с.Береке
13519;13518;613977580;с.Каратал
13520;13513;613977600;с.Коныртобе
13521;13520;613977680;с.Бакышсай
13522;13513;613977700;с.Сәмбет Саттаров
13523;13513;613977800;с.Санырау
13524;13523;613977880;с.Сарыжылга
13525;13513;613977900;с.Ынталы
13526;13525;613977980;с.Жидели
13527;13435;613983000;Ушкынский с.о.
13528;13527;613983100;с.Достык
13529;13527;613983200;с.Ушкын
13530;13527;613983300;с.Коралас
13531;13166;614000000;Казыгуртский район
13532;13531;614030000;Казыгуртский с.о.
13533;13532;614030100;с.Казыгурт
13534;13533;614030103;Дача
13535;13533;614030104;Телевышка
13536;13533;614030105;Телевышка
13537;13531;614033000;Алтынтобинский с.о.
13538;13537;614033100;с.Алтынтобе
13539;13537;614033200;с.Аккум
13540;13537;614033400;с.Карабау
13541;13537;614033500;с.Каржан
13542;13541;614033505;Ащыкора
13543;13541;614033519;Срайылкора
13544;13541;614033521;Таженкора
13545;13537;614033600;с.Косагаш
13546;13545;614033605;Кормоцех
13547;13537;614033700;с.Кырыккыз
13548;13531;614035000;Жанабазарский с.о.
13549;13548;614035100;с.Жанабазар
13550;13548;614035200;с.Жылыбулак
13551;13550;614035205;Таскора
13552;13548;614035300;с.Жанажол
13553;13548;614035400;с.Жанаталап
13554;13553;614035403;Комсомолкора
13555;13553;614035405;Сейсентеккора
13556;13553;614035407;Социалкора
13557;13548;614035500;с.Женис
13558;13557;614035504;Кыркымкора
13559;13548;614035600;с.Ушбастау
13560;13559;614035603;Кормоцех
13561;13559;614035605;Мамедкора
13562;13548;614035700;с.Карабастау
13563;13548;614035800;с.Тилектес
13564;13548;614035900;с.Улгили
13565;13531;614036000;Жигергенский с.о.
13566;13565;614036100;с.Жигерген
13567;13565;614036200;с.Айнатас
13568;13567;614036203;Амантайкора
13569;13567;614036205;Бейсенколькора
13570;13567;614036219;Тауыккора 1
13571;13567;614036221;Тауыккора 2
13572;13565;614036400;с.Дикан
13573;13565;614036500;с.Кызылбулак
13574;13565;614036700;с.Тесиктобе
13575;13574;614036703;Акрамкора
13576;13574;614036705;Амиркора
13577;13574;614036707;Жакайкора
13578;13574;614036709;Жанайкора
13579;13574;614036713;Кыркымкора
13580;13574;614036719;Полаткора
13581;13574;614036727;Шалкаркора
13582;13565;614036800;с.Огем
13583;13531;614037000;с.о. Сабыра Рахимова
13584;13583;614037100;с.Кокибел
13585;13584;614037105;Алпыскора
13586;13584;614037107;Анарбайкора
13587;13584;614037111;Аселькора
13588;13584;614037117;Калайханкора
13589;13584;614037135;Социалкора
13590;13583;614037400;с.Кызылата
13591;13590;614037402;Аклаккора
13592;13590;614037404;Бишоракора
13593;13590;614037405;Жакыпкора
13594;13590;614037409;Ошакбайкора
13595;13583;614037600;с.Майбулак
13596;13531;614043000;Какпакский с.о.
13597;13596;614043100;с.Какпак
13598;13597;614043103;Актаскора
13599;13597;614043105;Алибайкора
13600;13597;614043107;Анешкора
13601;13597;614043109;Байсынкора
13602;13597;614043111;Балтабайкора
13603;13597;614043115;Водхозуй
13604;13597;614043117;Диханкора
13605;13597;614043119;Жанысбеккора
13606;13597;614043121;Жылкыкора
13607;13597;614043123;Кедейжетпескора
13608;13597;614043127;Кыркымкора
13609;13597;614043129;ЛСИ
13610;13597;614043131;МТФ
13611;13597;614043133;Нуржанкора
13612;13597;614043135;Водная станция
13613;13597;614043137;Уйреккора
13614;13597;614043139;Шалданбайкора
13615;13596;614043200;с.Зангар
13616;13596;614043300;с.Сырлысай
13617;13531;614045000;Карабауский с.о.
13618;13617;614045100;с.Карабау
13619;13618;614045103;ТСФ
13620;13617;614045200;с.Сынтас
13621;13620;614045205;ТСФ
13622;13620;614045207;Ушуй
13623;13617;614045300;с.Жумысшы
13624;13623;614045305;Тансыкбайкора
13625;13623;614045307;Териилеуцех
13626;13617;614045400;с.Ушбулак
13627;13626;614045403;Апакудыккора
13628;13626;614045405;Кагазкора
13629;13626;614045406;Кайнаркора
13630;13626;614045407;Кызылбулаккора
13631;13626;614045408;Кызылкора
13632;13626;614045411;Медеткора
13633;13626;614045413;Садыкора
13634;13626;614045415;Усипбайкора
13635;13531;614047000;Кызылкиянский с.о.
13636;13635;614047100;с.Тугыртас
13637;13636;614047107;Жанакора
13638;13636;614047111;Кумискора
13639;13635;614047200;с.Айнатас
13640;13639;614047205;Камыскора
13641;13639;614047207;Куанышкора
13642;13635;614047300;с.Кызылкия
13643;13642;614047303;Боранбай ушуй
13644;13635;614047400;с.Ынталы
13645;13635;614047500;с.Кызылсенгир
13646;13635;614047600;с.Атажұрт
13647;13531;614049000;с.о.Каракозы Абдалиева
13648;13647;614049100;с.Рабат
13649;13648;614049103;Телевышка
13650;13647;614049200;с.Амангельды
13651;13650;614049207;Дом чабана
13652;13650;614049209;Дом чабана
13653;13647;614049300;с.Атбулак
13654;13653;614049311;Орталык газуй
13655;13647;614049400;с.Енбекши
13656;13655;614049411;Кубка
13657;13655;614049413;Тауыккора
13658;13655;614049421;Дом чабана 1
13659;13655;614049423;Дом чабана 2
13660;13655;614049425;Дом чабана 3
13661;13647;614049500;с.Жанаталап
13662;13647;614049600;с. Кыдыр Мамбетулы
13663;13647;614049700;с.Кызылдала
13664;13663;614049705;Заготскот
13665;13663;614049708;Ток 4
13666;13531;614053000;Турбатский с.о.
13667;13666;614053100;с.Турбат
13668;13667;614053103;Акбастаукора
13669;13667;614053105;Енбеккора
13670;13667;614053107;Койрылкарынкора
13671;13667;614053109;МТФ
13672;13667;614053111;Парикатакора
13673;13667;614053113;Сергазыкора
13674;13667;614053115;Сталинкора
13675;13667;614053119;Тулкисайкора
13676;13667;614053121;Ушагаткора
13677;13666;614053200;с.Енбек
13678;13666;614053300;с.Кызылдихан
13679;13678;614053305;Бугыбайкора 1
13680;13678;614053306;Бугыбайкора 2
13681;13678;614053307;МТФ 2
13682;13678;614053308;Нурматкора
13683;13666;614053400;с.Ондирис
13684;13683;614053403;Бакиркора
13685;13683;614053404;Жылкыкора
13686;13683;614053405;Кокбастаукора
13687;13683;614053406;Кыркымкора
13688;13683;614053407;Сапарлыкора
13689;13683;614053408;Шошкакора
13690;13531;614055000;Шанакский с.о.
13691;13690;614055100;с.Шанак
13692;13690;614055200;с.Акжар
13693;13690;614055300;с.Старый Шанак
13694;13690;614055400;ст.Чанак
13695;13690;614055500;с.Ызабулак
13696;13531;614057000;с.о.Сарапхана
13697;13696;614057100;с.Сарапхана
13698;13696;614057200;с.Бакабулак
13699;13698;614057203;Дом чабана 2
13700;13698;614057205;Дом чабана 3
13701;13698;614057207;Дом чабана 4
13702;13698;614057209;Дом чабана 5
13703;13698;614057211;Дом чабана 6
13704;13698;614057213;Дом чабана 7
13705;13696;614057300;с.Жинишке
13706;13705;614057303;Дом чабана 12
13707;13705;614057305;Дом чабана 13
13708;13705;614057307;Дом чабана 14
13709;13705;614057309;Дом чабана 15
13710;13705;614057311;Дом чабана 16
13711;13705;614057313;Дом чабана 17
13712;13705;614057315;Дом чабана 18
13713;13696;614057400;с.Майлыошак
13714;13713;614057403;Дом чабана 19
13715;13713;614057405;Дом чабана 20
13716;13713;614057407;Дом чабана 21
13717;13713;614057409;Дом чабана 22
13718;13713;614057411;Дом чабана 23
13719;13696;614057500;с.им.Махамбет Утемисова
13720;13696;614057600;с.Талдыбулак
13721;13720;614057603;Дом чабана 24
13722;13720;614057605;Дом чабана 25
13723;13720;614057607;Дом чабана 26
13724;13720;614057609;Дом чабана 27
13725;13720;614057611;Дом чабана 28
13726;13720;614057613;Дом чабана 29
13727;13720;614057615;Дом чабана 30
13728;13720;614057617;Дом чабана 31
13729;13720;614057619;Дом чабана 32
13730;13531;614063000;Шарбулакский с.о.
13731;13730;614063100;с.Шарбулак
13732;13731;614063107;Дамешкора
13733;13731;614063115;Мунайоним
13734;13731;614063121;Тубдиспансер
13735;13731;614063123;Шевронкора
13736;13730;614063500;с.Акбастау
13737;13166;614400000;Мактааральский район
13738;13737;614430000;Мырзакентская п.а.
13739;13738;614430100;п. Мырзакент
13740;13737;614435000;Достыкский с.о.
13741;13740;614435100;с.Бескетик
13742;13740;614435200;с.Коксу
13743;13740;614435300;с.Достык
13744;13740;614435400;с.Жолбарыса Калшораева
13745;13740;614435500;с.Хайдар
13746;13740;614435600;с.Гулистан
13747;13737;614438000;Бирликский с.о.
13748;13747;614438100;с.Кудайберген Пернебаева
13749;13747;614438200;с.Алгабас
13750;13747;614438300;с.Еркинабад
13751;13747;614438400;с.Оркениет
13752;13747;614438500;с.Конырат
13753;13747;614438600;с.Табысты
13754;13737;614445000;Енбекшинский с.о.
13755;13754;614445100;с.Жантаксай
13756;13754;614445200;с.Жанатурмыс
13757;13754;614445300;с.Шугыла
13758;13754;614445400;с.Танирбергена Жайлыбаева
13759;13754;614445500;с.Нурлытан
13760;13737;614447000;Жамбылский с.о.
13761;13760;614447100;с.Жамбыл
13762;13760;614447200;с.Абай
13763;13760;614447300;с.Кенесшил
13764;13760;614447400;с.Кокпарсай
13765;13737;614455000;Жанажолский с.о.
13766;13765;614455100;с.Арайлы
13767;13765;614455200;с.Достык
13768;13765;614455300;с.Женис
13769;13765;614455400;с.Оргебас
13770;13765;614455600;с.Найман Бухарбай
13771;13765;614455700;с.Акжол
13772;13765;614455800;с.Фирдоуси
13773;13765;614455900;с.Нурлыжол
13774;13737;614459000;Ильичевская п.а.
13775;13774;614459100;п. Атакент
13776;13737;614463000;Иржарский с.о.
13777;13776;614463100;с.Шапагат
13778;13776;614463200;с.Азат
13779;13776;614463300;с.Ииржар
13780;13776;614463400;с.Азамат
13781;13776;614463500;с.Мактажан
13782;13776;614463600;с.Дихан
13783;13776;614463700;с.Наурыз
13784;13776;614463800;с.Алаш
13785;13776;614463900;с.Рахимово
13786;13737;614473000;с.о. Жолдабая Нурлыбаева
13787;13786;614473100;с. Ынталы
13788;13787;614473103;МТФ
13789;13786;614473200;с.Онимкер
13790;13786;614473300;с.Каракыр
13791;13786;614473400;с.Ырысты
13792;13786;614473500;с. Мырзатобе
13793;13786;614473700;с. Оркен
13794;13737;614477000;Мактааральский с.о.
13795;13794;614477100;с.Мадениет
13796;13794;614477200;с.Акалтын
13797;13796;614477280;с.Амангельды
13798;13794;614477300;с.Елконыс
13799;13798;614477380;с.Нурмухамеда Есентаева
13800;13794;614477400;с.Шаттык
13801;13800;614477480;с.Енбекши
13802;13794;614477500;с.Жулдыз
13803;13802;614477580;с.Оркениет
13804;13794;614477600;с.Тулпар
13805;13804;614477680;с.Игилик
13806;13794;614477700;с.40 лет Казахской ССР
13807;13806;614477780;с.Береке
13808;13794;614477800;с.Кокарал
13809;13808;614477880;с.Азаттык
13810;13794;614477900;с.Бахыт
13811;13737;614483000;с.о. Аязхана Калыбекова
13812;13811;614483100;с.Жанажол
13813;13811;614483200;с.Жамбыл
13814;13811;614483300;с.Абат
13815;13814;614483303;МТФ
13816;13811;614483400;с. Торткуль
13817;13811;614483500;с. Атамура
13818;13811;614483600;с. Туран
13819;13811;614483700;с.Улгили
13820;13166;614600000;Ордабасынский район
13821;13820;614630000;Кажымуканский с.о.
13822;13821;614630100;с.Темирлановка
13823;13821;614630200;с.Амангельды
13824;13821;614630300;с.Боралдай
13825;13821;614630400;с.Ынталы
13826;13821;614630500;с.Коктобе
13827;13821;614630600;с.Кажымухан
13828;13821;614630700;с.Кызылсенгир
13829;13820;614633000;Бадамский с.о.
13830;13829;614633100;с.Бадам
13831;13829;614633580;с.Карабастау
13832;13829;614633600;с.Дербес
13833;13829;614633700;с.Ордабасы
13834;13829;614633800;с.Акбулак
13835;13829;614633900;с.Мамыр
13836;13820;614635000;Бугунский с.о.
13837;13836;614635100;с.Бугунь
13838;13836;614635200;с.Кемер
13839;13820;614637000;Буржарский с.о.
13840;13839;614637100;с.Бирлик
13841;13839;614637200;с.Жамбыл
13842;13839;614637300;с.Кайнар
13843;13839;614637400;с.Калаш
13844;13839;614637500;с.Теспе
13845;13839;614637600;с.Уялыжар
13846;13839;614637700;с.Ыкыластемир
13847;13839;614637800;с.Ынтымак
13848;13820;614639000;Женисский с.о.
13849;13848;614639100;с.Женис
13850;13848;614639200;с.Дихан
13851;13820;614643000;Караспанский с.о.
13852;13851;614643100;с.Караспан
13853;13851;614643280;с.Бейсен Онтаева
13854;13851;614643300;с.Акжол
13855;13854;614643380;с.Берген Исаханова
13856;13851;614643400;с.Жулдыз
13857;13856;614643480;с.Ынтымак
13858;13851;614643500;с.Тореарык
13859;13858;614643580;с.Кольтоган
13860;13851;614643600;с.Батыр ата
13861;13860;614643680;с.Акпан
13862;13851;614643700;с.Жанатурмыс
13863;13862;614643780;с.Мадениет
13864;13851;614643800;с.Макташы
13865;13851;614643900;с.Сарыарык
13866;13820;614645000;Каракумский с.о.
13867;13866;614645100;с.Каракум
13868;13820;614653000;с.о.Торткуль
13869;13868;614653100;с.Торткуль
13870;13868;614653200;с.Аксары
13871;13870;614653280;с.Арыстанды
13872;13868;614653300;с.Енбекши
13873;13868;614653400;с.Жайылма
13874;13868;614653500;с.Кызылжар
13875;13868;614653600;с.Елшибек батыр
13876;13868;614653700;с.Кокарал
13877;13868;614653800;с.Нура
13878;13868;614653900;с.Спатаево
13879;13820;614655000;Шубарский с.о.
13880;13879;614655100;с.Шубар
13881;13879;614655200;с.Аккойлы
13882;13879;614655300;с.Береке
13883;13879;614655400;с.Жусансай
13884;13879;614655500;с.Сарытогай
13885;13879;614655600;с.Токсансай
13886;13820;614657000;с.о.Шубарсу
13887;13886;614657100;с.Шубарсу
13888;13166;614800000;Отрарский район
13889;13888;614830000;Шаульдерский с.о.
13890;13889;614830100;с.Шаульдер
13891;13888;614833000;с.о.Аккум
13892;13891;614833100;с.Аккум
13893;13888;614834000;с.о.Актобе
13894;13893;614834100;с.Актобе
13895;13888;614835000;Балтакольский с.о.
13896;13895;614835100;с.Балтаколь
13897;13896;614835103;с.Самырат
13898;13895;614835200;с.Акколь
13899;13895;614835500;с.Колкудык
13900;13888;614836000;с.о.Каргалы
13901;13900;614836100;с.Каргалы
13902;13900;614836400;с.Отырар
13903;13888;614837000;Коксарайский с.о.
13904;13903;614837100;с.Коксарай
13905;13904;614837105;Дом отдыха
13906;13903;614837200;с.Жанкел
13907;13903;614837300;с.Шенгельды
13908;13903;614837400;с.Ызаколь
13909;13888;614839000;Караконырский с.о.
13910;13909;614839100;с. Шамши Калдаякова
13911;13909;614839300;с.Арысь
13912;13909;614839500;с. Бесторангыл
13913;13909;614839600;с.Караконыр
13914;13909;614839700;с.Костуин
13915;13909;614839800;с.Сырдарья
13916;13888;614841000;Когамский с.о.
13917;13916;614841100;с.Когам
13918;13916;614841300;с.Мыншункыр
13919;13916;614841500;с.Талапты
13920;13888;614845000;Маякумский с.о.
13921;13920;614845100;с.Маякум
13922;13920;614845300;с.Бестам
13923;13920;614845600;с.Костерек
13924;13888;614847000;Отрарский с.о.
13925;13924;614847100;с.Арыс
13926;13924;614847300;с. Молыке Шойманов
13927;13888;614849000;Талаптинский с.о.
13928;13927;614849100;с.Кокмардан
13929;13927;614849500;с.Шытты
13930;13927;614849600;с.Сарыколь
13931;13927;614849700;с.Ынталы
13932;13888;614853000;Тимурский с.о.
13933;13932;614853100;с.Тимур
13934;13932;614853200;с.Акшокат
13935;13932;614853400;с.Отырабат
13936;13932;614853500;с.37-разъезд
13937;13932;614853600;с.Узынкудык
13938;13888;614857000;Шиликский с.о.
13939;13938;614857100;с.Жана шилик
13940;13938;614857300;с.Старый Шилик
13941;13166;615200000;Сайрамский район
13942;13941;615230000;Аксукентский с.о.
13943;13942;615230100;с.Аксу
13944;13942;615230200;с.Байтерек
13945;13942;615230300;с.Алаш
13946;13941;615233000;Акбулакский с.о.
13947;13946;615233100;с.Акбулак
13948;13941;615237000;Арысский с.о.
13949;13948;615237100;с.Кожакорган
13950;13948;615237200;с.Нуржанкорган
13951;13941;615247000;Жибекжолинский с.о.
13952;13951;615247100;с.Машат
13953;13951;615247200;с.Жибек жолы
13954;13951;615247300;с.Сихым
13955;13941;615249000;Кайнарбулакский с.о.
13956;13955;615249100;с.Касымбек датка
13957;13955;615249200;с.Таскешу
13958;13957;615249203;Кашара Байгараева
13959;13957;615249205;Кашара Гаражаева
13960;13955;615249400;с.Асиларык
13961;13960;615249403;Кашара Дача
13962;13960;615249405;Кашара Махмудова
13963;13955;615249500;с.Сарыарык
13964;13963;615249503;Кашара Озеро 1
13965;13963;615249505;Кашара Озеро 2
13966;13963;615249507;Кашара Озеро 3
13967;13955;615249600;с.Курлык
13968;13967;615249603;Кашара Дача 1
13969;13955;615249700;с.Ошакты
13970;13955;615249800;с.Тоган
13971;13970;615249803;Кашара Булак 1
13972;13970;615249805;Кашара Булак 2
13973;13970;615249807;Кашара Булак 3
13974;13955;615249900;с.Ширкин
13975;13941;615253000;Карабулакский с.о.
13976;13975;615253100;с.Карабулак
13977;13976;615253103;Озеро Кулькент
13978;13941;615255000;Карамуртский с.о.
13979;13978;615255100;с.Карамурт
13980;13978;615255200;с.Низамабад
13981;13941;615257000;Карасуский с.о.
13982;13981;615257100;с.Карасу
13983;13981;615257200;с.Акбай
13984;13981;615257300;с.Бескепе
13985;13981;615257400;с.Айтеке би
13986;13981;615257500;с.Акбастау
13987;13981;615257700;с.Ынтымак
13988;13981;615257800;с.Жанатурмыс
13989;13981;615257900;с.Береке
13990;13941;615263000;Кутарысский с.о.
13991;13990;615263100;с.Кутарыс
13992;13990;615263200;с.Кызылжар
13993;13990;615263300;с.Акарыс
13994;13990;615263400;с.Оймауыт
13995;13941;615265000;Колкентский с.о.
13996;13995;615265100;с.Колкент
13997;13996;615265105;Кашара Кадира
13998;13996;615265107;Кашара Якуба
13999;13995;615265200;с.Жанатурмыс
14000;13995;615265300;с.Аксуабат
14001;14000;615265303;Кашара Аксу
14002;13995;615265400;с.Молыбая Оразалиева
14003;14002;615265403;Кашара Аден
14004;13995;615265500;с.Ханкорган
14005;13995;615265600;с.Косбулак
14006;13995;615265700;с.Теспе
14007;13995;615265800;с.Шапрашты
14008;13941;615267000;Манкентский с.о.
14009;14008;615267100;с.Манкент
14010;14008;615267200;с.Аккала
14011;13166;615400000;Сарыагашский район
14012;14011;615420100;г.Сарыагаш
14013;14011;615435000;Акжарский с.о.
14014;14013;615435100;с.Акжар
14015;14013;615435200;с.Багыс
14016;14011;615439000;Алимтауский с.о.
14017;14016;615439100;с.Алимтау
14018;14016;615439200;с.Жайдаккудук
14019;14016;615439300;с.Коктал
14020;14016;615439400;с.Таскудук
14021;14011;615449000;Дарбазинский с.о.
14022;14021;615449100;с.Дарбаза
14023;14021;615449300;с.Курысай
14024;14021;615449400;рзд.50
14025;14021;615449500;рзд.51
14026;14021;615449600;с.Ердаут
14027;14021;615449700;с.Сарысу
14028;14021;615449800;с.Таскудук
14029;14011;615451000;Дербисекский с.о.
14030;14029;615451100;с.Дербисек
14031;14029;615451200;с.Атамекен
14032;14011;615455000;Жартытобинский с.о.
14033;14032;615455100;с.Бостандык
14034;14032;615455200;с.Курама
14035;14032;615455300;с.Достык
14036;14032;615455400;с.Тонкерис
14037;14032;615455500;с.Ынтымак
14038;14011;615457000;Жемистинский с.о.
14039;14038;615457100;с.Жемисти
14040;14038;615457200;с.Тын
14041;14011;615461000;Жибекжолинский с.о.
14042;14041;615461100;с.Жибек жолы
14043;14041;615461200;с. Зортобе
14044;14043;615461280;с.Дихан баба
14045;14041;615461300;с.Жанакурылыс
14046;14041;615461400;с.Жанатурмыс
14047;14041;615461600;с. Саркырама
14048;14041;615461700;с. Карабау
14049;14041;615461800;с.Сок-Сок
14050;14011;615463000;Жылгинский с.о.
14051;14050;615463100;с.Жылга
14052;14050;615463300;с.Каракалпак
14053;14050;615463400;с.Кызыласу
14054;14050;615463500;рзд.49
14055;14050;615463600;с.Нурауыл
14056;14050;615463700;с.Чайхана
14057;14050;615463800;с.Ченгельды
14058;14050;615463900;с.Шымырбай
14059;14011;615465000;Куркелесский с.о.
14060;14059;615465100;с. Акниет
14061;14059;615465200;с.Алгабас
14062;14061;615465280;с.Ак уй
14063;14059;615465300;с.Бескудук
14064;14063;615465380;с.Дархан
14065;14059;615465400;с.Жанаарык
14066;14065;615465480;с.Жанаталап
14067;14059;615465500;с. Енкес
14068;14067;615465580;с.Келес
14069;14059;615465600;с.Култума
14070;14069;615465680;с. Жылысу
14071;14059;615465700;с. Нурлыжол
14072;14071;615465780;с.Береке
14073;14059;615465800;с. Куркелес
14074;14073;615465880;с. Дастан
14075;14011;615467000;Коктерекский с.о.
14076;14075;615467100;с.Коктерек
14077;14011;615469000;Кабланбекский с.о.
14078;14077;615469100;с.Кабыланбек
14079;14077;615469200;с.Жанаарык
14080;14077;615469300;с.Зах
14081;14077;615469400;с.Акниет
14082;14077;615469500;с.Канагат
14083;14077;615469600;с.Таскулак
14084;14077;615469700;с. Тынтобе
14085;14077;615469800;с.Чичерино
14086;14011;615473000;Кызылжарский с.о.
14087;14086;615473100;с.Кызылжар
14088;14086;615473300;с.Жаскешу
14089;14011;615479000;Тегисшильский с.о.
14090;14089;615479100;с.Тегисшиль
14091;14089;615479200;с.Таскескен
14092;14089;615479400;с.Мадениет
14093;13166;615500000;район Сауран
14094;14093;615530000;с.о.Шорнак
14095;14094;615530100;с.Чернак
14096;14095;615530103;Подстанция РЭС
14097;14094;615530200;с. Космезгил
14098;14097;615530203;АТК
14099;14097;615530204;Дом Акешаева Б.
14100;14097;615530205;МТФ
14101;14097;615530206;Дом Оспанова-Кудайбергенова
14102;14097;615530207;Откорм база
14103;14094;615530300;с. Аша
14104;14103;615530303;Дом Жоламанова Е.
14105;14094;615530400;рзд.32
14106;14093;615534000;с.о.Бабайкорган
14107;14106;615534100;с.Бабайкурган
14108;14106;615534200;с.Абай
14109;14108;615534206;Дом чабана 1
14110;14108;615534207;Дом чабана 2
14111;14106;615534300;с.Кумайлыкас
14112;14106;615534400;с.Улгили
14113;14093;615536000;с.о.Жибек жолы
14114;14113;615536100;с.Сауран
14115;14113;615536200;с.Ескі Сауран
14116;14115;615536204;Дом чабана Жылысу
14117;14093;615538000;с.о.Ески Икан
14118;14117;615538100;с.Староикан
14119;14117;615538300;с.Мәшһүр Жүсіп
14120;14093;615541000;с.о.Жана Икан
14121;14120;615541100;с.Ибата
14122;14121;615541113;Подземвод
14123;14120;615541200;с.Ойык
14124;14093;615542000;с.о.Жуйнек
14125;14124;615542100;с.Жуйнек
14126;14124;615542200;с.Шекербулак
14127;14124;615542300;с.Чипан
14128;14093;615543000;Иассы с.о.
14129;14128;615543100;с.Шойтобе
14130;14129;615543106;Санаторий водолечебница
14131;14129;615543107;Чабанские дома
14132;14128;615543200;с.Енбекшидихан
14133;14093;615545000;с.о.Карашык
14134;14133;615545100;с.Карашык
14135;14133;615545300;с. Каратобе
14136;14133;615545400;с.Кумтиым
14137;14136;615545405;Дома райавтодора
14138;14093;615547000;с.о.Майдантал
14139;14138;615547100;с.Ынталы
14140;14139;615547106;Водохранилище
14141;14138;615547200;с.Егизкара
14142;14138;615547300;с.Каражон
14143;14093;615549000;с.о.Орангай
14144;14143;615549100;с.Орангай
14145;14144;615549105;Радиоцентр
14146;14144;615549107;Дома Салимбаевых
14147;14144;615549109;Дома Шаходжаевых
14148;14143;615549200;с.Бостандык
14149;14143;615549400;с.Кошкорган
14150;14093;615553000;с.о.Ушкайык
14151;14150;615553100;с.Жалантос
14152;14151;615553103;Дом лесничего
14153;14150;615553200;с.Нуртас
14154;14150;615553300;с.Султанбека Кожанова
14155;14154;615553305;Дом лесничего
14156;14150;615553400;с.Теке
14157;14156;615553403;МТФ
14158;14093;615555000;с.о.Шага
14159;14158;615555100;с.Чага
14160;14158;615555200;с.30 лет Казахстана
14161;14160;615555203;АТК
14162;14160;615555205;МТФ
14163;14158;615555300;с.Шоктас
14164;14158;615555400;с.Бершинтобе
14165;13166;615600000;Сузакский район
14166;14165;615630000;Шолаккорганский с.о.
14167;14166;615630100;с.Шолаккорган
14168;14166;615630200;с.Абай
14169;14166;615630300;с.Балдысу
14170;14166;615630400;с.Жеткеншек
14171;14166;615630500;с.Карабулак
14172;14166;615630700;с.Терискей
14173;14165;615633000;Жартытобинский с.о.
14174;14173;615633100;с.Жартытобе
14175;14173;615633200;с.Акколтык
14176;14173;615633300;с.Бабата
14177;14165;615635000;Жуантобинский с.о.
14178;14177;615635100;с.Жуантобе
14179;14177;615635300;с.Коныратарык
14180;14165;615637000;Карагурский с.о.
14181;14180;615637100;с.Каракур
14182;14180;615637200;с.Ран
14183;14180;615637400;с.Шага
14184;14165;615639000;Каратауский с.о.
14185;14184;615639100;с.Аксумбе
14186;14184;615639200;с.Бакырлы
14187;14184;615639300;с.Сарыжаз
14188;14165;615643000;Кумкентский с.о.
14189;14188;615643100;с.Кумкент
14190;14188;615643200;с.Кызылканат
14191;14188;615643300;с.Кызылкол
14192;14165;615645000;Кыземшекский с.о.
14193;14192;615645100;п.Кыземшек
14194;14192;615645200;с.Тайконыр
14195;14165;615647000;Сузакский с.о.
14196;14195;615647100;с.Сузак
14197;14195;615647200;с.Коктобе
14198;14195;615647300;с.Какпансор
14199;14195;615647400;с.Шакырык
14200;14195;615647500;с.Ыбырай Жаукебаева
14201;14165;615649000;Сызганский с.о.
14202;14201;615649100;с.Сызган
14203;14201;615649200;с.Басбулак
14204;14201;615649400;с.Кайнар
14205;14201;615649500;с.Козмолдак
14206;14165;615653000;Тастинский с.о.
14207;14206;615653100;с.Тасты
14208;14206;615653200;с.Кылты
14209;14165;615655000;с.о.Таукент
14210;14209;615655100;с.Таукент
14211;14165;615663000;Шуский с.о.
14212;14211;615663100;с.Шу
14213;13166;615800000;Толебийский район
14214;14213;615820100;г.Ленгер
14215;14213;615835000;Аккумский с.о.
14216;14215;615835100;с.Жанауйым
14217;14215;615835200;с.Аккум
14218;14215;615835300;с.Момынай
14219;14213;615837000;Алатауский с.о.
14220;14219;615837100;с.Алатау
14221;14219;615837200;с.Екпинди
14222;14219;615837300;с.Жанатурмыс
14223;14219;615837400;с.Кайнар
14224;14219;615837500;с.Корган
14225;14224;615837580;с.Косагаш
14226;14219;615837600;с.Нысанбек
14227;14219;615837700;с.Бургулюк
14228;14219;615837800;с.Шатыртобе
14229;14219;615837900;с.Шубарагаш
14230;14213;615839000;с.о.Биринши Мамыр
14231;14230;615839100;с.Биринши Мамыр
14232;14230;615839200;с.Алгабас
14233;14230;615839300;с.Бейнеткеш
14234;14230;615839400;с.Жанажол
14235;14230;615839500;с.Загамбар
14236;14230;615839800;с.Тагайна
14237;14230;615839900;с.Ынтымак
14238;14213;615843000;Зертасский с.о.
14239;14238;615843100;с.Зертас
14240;14238;615843200;с.Жанакуш
14241;14213;615845000;Жогаргы Аксусский с.о.
14242;14241;615845100;с.Мадени
14243;14241;615845200;с.Саркырама
14244;14213;615846000;Кемекалганский с.о.
14245;14244;615846100;с.Абай
14246;14244;615846200;с.Акбастау
14247;14244;615846300;с.Ангирата
14248;14244;615846500;с.Уйымшыл
14249;14244;615846600;с.Каратобе
14250;14244;615846700;с.Каракия
14251;14213;615847000;Коксаекский с.о.
14252;14251;615847100;с.Коксайек
14253;14251;615847200;с.Алтынбастау
14254;14251;615847300;с.Жинишке
14255;14251;615847500;с.Казахстан
14256;14213;615848000;Киелитасский с.о.
14257;14256;615848100;с.Достык
14258;14256;615848200;с.Акайдар
14259;14256;615848300;с.Киелитас
14260;14256;615848500;с.Султанрабат
14261;14213;615853000;Каратобинский с.о.
14262;14261;615853100;с.Балдыберек
14263;14261;615853200;с.Костобе
14264;14261;615853300;с.Майбулак
14265;14261;615853400;с.Каратобе
14266;14261;615853500;с.Тонкерис
14267;14213;615855000;Каскасуйский с.о.
14268;14267;615855100;с.Жогаргы Каскасу
14269;14267;615855200;с.Каскасу
14270;14267;615855300;с.Керегетас
14271;14267;615855400;с.Конесарык
14272;14213;615857000;Когалинский с.о.
14273;14272;615857100;с.Алшалы
14274;14272;615857200;с.Диханкуль
14275;14272;615857400;с.Узунарык
14276;14213;615859000;Тасарыкский с.о.
14277;14276;615859100;с.Тасарык
14278;14276;615859200;с.Жамбыл
14279;14276;615859400;с.Онтустик
14280;14276;615859500;с.Ханарык
14281;13166;616000000;Тюлькубасский район
14282;14281;616030000;Майлыкентский с.о.
14283;14282;616030100;с.им.Турара Рыскулова
14284;14282;616030200;с.Бакыбека
14285;14282;616030300;с.Караагашты
14286;14281;616033000;Акбийкский с.о.
14287;14286;616033100;с.Акбиик
14288;14286;616033200;с.Кулан
14289;14286;616033300;с.Сарытур
14290;14281;616037000;Арысский с.о.
14291;14290;616037100;с.Кереит
14292;14290;616037200;с.Кайыршакты
14293;14290;616037300;с.Махталы
14294;14281;616039000;Балыктинский с.о.
14295;14294;616039100;с.Балыкты
14296;14294;616039200;с.Абай
14297;14294;616039300;с.Кокбулак
14298;14294;616039400;с.Урбулак
14299;14294;616039500;с.Шарафкент
14300;14281;616043000;Джабаглинский с.о.
14301;14300;616043100;с.Абаил
14302;14300;616043200;с.Джабаглы
14303;14300;616043300;рзд.115
14304;14281;616045000;Жаскешуский с.о.
14305;14304;616045100;с.Жаскешу
14306;14305;616045103;рзд.Каракчи
14307;14305;616045107;Отдельно стоящие дома
14308;14305;616045109;Кашара Куанышты
14309;14304;616045200;с.Жанузак
14310;14304;616045300;с.Рыскул
14311;14310;616045303;ст.Коктерек
14312;14304;616045400;с.Пистели
14313;14312;616045403;Лесхоз
14314;14281;616047000;Кельтемашатский с.о.
14315;14314;616047100;с.Кельтемашат
14316;14314;616047200;с.Аксай
14317;14316;616047203;Отдельно стоящие дома
14318;14314;616047300;с.Даубаба
14319;14314;616047400;с.Жиынбая
14320;14314;616047500;с.Кершетас
14321;14314;616047600;с.Когалы
14322;14314;616047700;с.Сеславино
14323;14281;616049000;Кемербастауский с.о.
14324;14323;616049100;с.Кемербастау
14325;14323;616049200;с.Алгабас
14326;14323;616049300;с.Мантай Жаримбетова
14327;14323;616049400;с.Ельтай
14328;14323;616049500;с.Кумисбастау
14329;14323;616049600;с.Майликент
14330;14323;616049700;с.117-разъезд
14331;14281;616053000;Машатский с.о.
14332;14331;616053100;с.Машат
14333;14331;616053200;с.Енбек
14334;14331;616053300;с.Енбекши
14335;14331;616053400;с.Мынбай
14336;14331;616053500;с.Кызылбастау
14337;14281;616055000;Мичуринский с.о.
14338;14337;616055100;с.Майтобе
14339;14337;616055200;с.Коксагыз
14340;14337;616055300;с.Таусагыз
14341;14337;616055400;с.Кожамберды
14342;14281;616057000;Рыскуловский с.о.
14343;14342;616057100;с.Азатлык
14344;14342;616057200;с.Жанаталап
14345;14342;616057300;с.Тастыбулак
14346;14342;616057400;с.Шукырбулак
14347;14281;616059000;Састобенский с.о.
14348;14347;616059100;с.Састобе
14349;14347;616059200;с.Кызылту
14350;14347;616059300;с.Ынтымак
14351;14281;616061000;Тастумсыкский с.о.
14352;14351;616061100;с.Тастумсык
14353;14351;616061200;с.Амангельды
14354;14351;616061400;с.Жыланды
14355;14351;616061600;с.Кабанбай
14356;14351;616061700;с.Карабастау
14357;14281;616063000;Тюлькубасский с.о.
14358;14357;616063100;п.Тюлькубас
14359;14358;616063180;с.Ирсу
14360;14357;616063300;с.Коктерек
14361;14360;616063303;с.Акбура
14362;14281;616065000;Чакпакский с.о.
14363;14362;616065100;с.Шакпак баба
14364;14362;616065200;рзд.114
14365;13166;616400000;Шардаринский район
14366;14365;616420100;г.Шардара
14367;14365;616433000;Акшенгельдинский с.о.
14368;14367;616433100;с.Акалтын
14369;14367;616433200;с. Егизкум
14370;14365;616435000;Достыкский с.о.
14371;14370;616435100;с.Достык
14372;14371;616435103;Отд. 1
14373;14371;616435105;Отд. 2
14374;14365;616437000;Жаушикумский с.о.
14375;14374;616437100;с.Жаушикум
14376;14374;616437200;с.Багисколь
14377;14374;616437400;с.Калгансыр
14378;14377;616437403;Дом моториста
14379;14374;616437500;с.Куйган
14380;14365;616439000;Коксуский с.о.
14381;14380;616439100;с.Коксу
14382;14381;616439103;ЛСП
14383;14381;616439105;МТФ
14384;14381;616439107;Плодовое хозяйство
14385;14381;616439109;с.Сырдарьинское
14386;14380;616439200;с.Айдарколь кашары
14387;14380;616439300;с.Басланды
14388;14380;616439400;с.Жоласар
14389;14365;616443000;Коссейитский с.о.
14390;14389;616443100;с.Коссейит
14391;14365;616445000;Кызылкумский с.о.
14392;14391;616445100;с.Кызылкум
14393;14365;616447000;с.о.Суткентский
14394;14393;616447100;с.Суткент
14395;14393;616447300;с.Шабырлы
14396;14365;616453000;Узынатинский с.о.
14397;14396;616453100;с.Узыната
14398;14397;616453103;Отд. 1
14399;14397;616453105;Отд. 2
14400;14397;616453107;Отд. 3
14401;14397;616453109;Отд. 4
14402;14397;616453113;Насосная
14403;14397;616453115;ПХЦ
14404;14397;616453117;Телевышка
14405;14365;616455000;с.о.Алатау батыра
14406;14405;616455100;с.Целинное
14407;14406;616455103;Насосная
14408;14406;616455105;Пикет 618
14409;14405;616455200;с.Казахстан
14410;14409;616455203;Аэродром
14411;14409;616455205;Отд. 1
14412;14409;616455207;Отд. 2
14413;14409;616455209;Отд. 3
14414;14365;616457000;с.о.Кауысбека Турысбекова
14415;14414;616457100;с.Чардара
14416;14414;616457200;с.Акберди
14417;14414;616457300;с.Бимырза
14418;14414;616457400;с.Бозей
14419;14414;616457500;с.Куанкудык
14420;14414;616457600;с.Пишентобе
