id;parent_id;code;name
1;0;100000000;область Абай
2;1;101000000;Семей Г.А.
3;2;101010000;г.Семей
4;2;101033000;Абралинский с.о.
5;4;101033100;с.Абралы
6;5;101033102;с.Акшабай
7;5;101033103;с.Алсай
8;5;101033104;с.Бастуйык
9;5;101033105;с.Жорабай
10;5;101033106;с.Кенжебек
11;5;101033107;с.Кабаш
12;5;101033108;с.Каракудык
13;5;101033109;с.Кожымбек
14;5;101033111;с.Конырша
15;5;101033112;с.Косшокы
16;5;101033113;с.Курманбай
17;5;101033114;с.Кызылтас
18;5;101033115;с.Маужан
19;5;101033116;с.Орал
20;5;101033117;с.Оспанкул
21;5;101033118;с.Серикбай
22;5;101033119;с.Танбалы
23;5;101033121;с.Табеке
24;5;101033123;с.Тобылгылы
25;5;101033125;с.Тогизбай
26;5;101033126;с.Шарип
27;5;101033127;с.Омар
28;5;101033128;с.Байзак
29;5;101033129;с.Маутан 2
30;5;101033131;с.Санкы
31;5;101033132;с.Керегетас
32;5;101033133;с.Акбастау
33;5;101033134;с.Каугабай
34;5;101033135;с.Санкы 2
35;5;101033136;с.Айбас
36;5;101033137;с.Каракудык
37;2;101035000;Айнабулакский с.о.
38;37;101035100;с.Айнабулак
39;38;101035102;зимовка Жанабаз
40;38;101035103;зимовка Касымбек
41;38;101035104;зимовка Карабужыр
42;38;101035105;зимовка Карашокы 2
43;38;101035106;зимовка Карашокы 4
44;38;101035107;зимовка Кызыл
45;38;101035108;зимовка Курманали
46;38;101035109;зимовка Сункар
47;38;101035111;зимовка Тасбаскан
48;37;101035200;с.Самай
49;2;101037000;Акбулакский с.о.
50;49;101037100;с.Акбулак
51;50;101037102;с.Аубакир
52;50;101037103;с.Аршалы
53;50;101037104;с.Ахан
54;50;101037105;с.Балтабек
55;50;101037106;с.Байсары
56;50;101037107;с.Кажы
57;50;101037108;с.Конырат
58;50;101037109;с.Кожкей
59;50;101037113;с.Салак 1
60;50;101037123;с.Темеш
61;50;101037125;с.Торе
62;50;101037127;с.Тушыкудык
63;50;101037129;с.Укилишат
64;50;101037131;с.Социалистик Казахстан
65;50;101037132;с.Азимбай
66;50;101037133;с.Аккора 2
67;50;101037134;с.Алтыуакыт
68;50;101037135;с.Аршабай
69;50;101037136;с.Арем 2
70;50;101037137;с.Баспак
71;50;101037138;с.Кайынды
72;50;101037139;с.Каражал
73;50;101037141;с.Каражал 1
74;50;101037142;с.Керегетас
75;50;101037143;с.Кызылшокы 1
76;50;101037144;с.Сарыбулак
77;50;101037145;с.Тезекбай
78;49;101037200;с.Танат
79;2;101039000;Алгабасский с.о.
80;79;101039100;с.Алгабас
81;80;101039106;с.Кулжабас
82;80;101039109;с.Кииккашкан
83;80;101039111;с.Жал
84;80;101039112;с.Тогым
85;80;101039113;с.Кызылжал
86;80;101039115;с.Айдабол
87;80;101039116;с.Найманбай
88;2;101043000;Достыкский с.о.
89;88;101043100;с.Чекоман
90;88;101043200;с.Достык
91;90;101043203;уч.Талды
92;2;101045000;Иртышский с.о.
93;92;101045100;с.Мукур
94;92;101045200;с.Мурат
95;94;101045203;уч.Ново-Чайковка
96;94;101045205;рзд.16
97;94;101045207;рзд.22
98;92;101045300;с.Прииртышское
99;98;101045303;с.Жалпак
100;98;101045305;с.Кенжебай
101;98;101045307;с.им.Крупской
102;2;101049000;Жиеналинский с.о
103;102;101049100;с.Букенчи
104;103;101049103;уч.Байгазы
105;103;101049104;уч.Жасбулек
106;103;101049105;уч.Карабас
107;103;101049109;с.Ушаша
108;102;101049200;с.Маралды
109;108;101049202;уч.Аргынбай
110;108;101049205;уч.Мойылдыбулак
111;108;101049206;уч.Смаил
112;108;101049208;с.Ерлан
113;108;101049209;с.Айнабулак
114;108;101049211;с.Айкали
115;108;101049212;с.Жулдыз
116;108;101049213;с.Арна
117;108;101049214;с.Балауса
118;108;101049215;с.Загитов
119;108;101049216;с.Жанибек
120;108;101049217;с.Турым
121;108;101049218;с.Еркебулан
122;108;101049219;с.Болашак
123;2;101051000;Кокентауский с.о.
124;123;101051100;с.Кокентау
125;124;101051103;уч.Жалын
126;124;101051106;с.Суык булак 2
127;124;101051107;уч.Уштаган
128;124;101051108;с.Красная Юрта
129;124;101051109;уч.Аубакир
130;124;101051111;уч.Акзам
131;124;101051112;уч.Бидайык
132;124;101051113;уч.Босага
133;124;101051114;уч.Исахан
134;124;101051115;уч.Каратобе
135;124;101051116;уч.Кызылкия
136;124;101051117;уч.Куандык
137;124;101051118;уч.Новая база
138;124;101051119;уч.Репинка
139;124;101051121;уч.Сарша
140;124;101051122;уч.Чкалов
141;123;101051200;с.Кыземшек
142;141;101051202;уч.Атей
143;141;101051203;уч.Арап
144;141;101051204;уч.Беляш
145;141;101051206;уч.Коксу
146;141;101051207;уч.Кайынды
147;141;101051208;уч.Карасай
148;141;101051209;уч.Кулибай
149;141;101051211;уч.Мукырбулак
150;141;101051213;уч.Сарыбулак
151;141;101051215;уч.Семейтау
152;141;101051217;уч.Суыкбулак
153;141;101051219;уч.17 тысяч
154;141;101051221;уч.Унай
155;141;101051223;уч.Шеткызыл
156;141;101051225;уч.Шолагасу
157;141;101051226;с.Семейтау 2
158;141;101051227;с.Семейтау 3
159;141;101051228;с.Кенжебай
160;141;101051229;с.Насипбек
161;141;101051231;с.Кошкарбай
162;141;101051232;с.Огиз Олген
163;141;101051233;с.Актас
164;141;101051234;с.Асемхан
165;141;101051239;с.Чкалов 2
166;141;101051243;с.Мамайкол
167;141;101051245;с.Сынтас
168;123;101051500;с.Жазык
169;168;101051503;с.Актас
170;168;101051504;с.Алтыапан
171;168;101051505;с.Аргымбай
172;168;101051508;с.Березка
173;168;101051509;с.Водокачка
174;168;101051511;с.Егинши
175;168;101051512;с.Ербала
176;168;101051513;уч.Жанан
177;168;101051514;с.Жырык 1
178;168;101051515;с.Жырык 2
179;168;101051516;с.Заветы Ильича
180;168;101051517;с.Куйгенкудык
181;168;101051518;с.Караганды
182;168;101051519;с.Каракемпир
183;168;101051521;с.Карасенгир
184;168;101051522;с.Кызылтан
185;168;101051523;с.Обалы
186;168;101051524;с.Сарапан
187;168;101051525;с.Сарыкемпир
188;168;101051526;уч.Торайгыр
189;168;101051528;с.Усен
190;168;101051532;с.Юбилейный
191;2;101053000;Новобаженовский с.о.
192;191;101053100;с.Новобаженово
193;191;101053200;с.Баженово
194;191;101053300;с.Булак
195;194;101053303;с.Киякты
196;194;101053305;с.Талдыкорган
197;191;101053400;с.Климентьевка
198;2;101055000;Карауленский с.о.
199;198;101055100;с.Кайнар
200;199;101055102;с.Айнашолак
201;199;101055103;с.Байсейіт
202;199;101055104;с.Бассакал
203;199;101055105;с.Кабанбай
204;199;101055106;с.Кабакши 1
205;199;101055107;с.Кабакши 2
206;199;101055108;с.Мазакбай
207;199;101055109;с.Маремик 1
208;199;101055111;с.Маремик 2
209;199;101055113;с.Мастекбай
210;199;101055114;с.Караолен
211;2;101057000;Озерский с.о.
212;211;101057100;с.Озерки
213;212;101057103;с.Каштак
214;212;101057105;Каштакское лесхоз
215;212;101057107;с.Малая Актобе
216;211;101057200;с.Караколь
217;216;101057203;с.Балтатарак
218;211;101057300;с.Половинка
219;218;101057303;с.Типкаши
220;211;101057400;с.Талица
221;2;101059000;Приречный с.о.
222;221;101059100;с.Приречное
223;222;101059103;рзд.1
224;221;101059200;с.Гранитное
225;224;101059203;с.Жура
226;221;101059300;с.Жаркын
227;221;101059400;с.Муздыбай
228;227;101059403;с.Культобе
229;221;101059500;с.Шоптыгак
230;2;101063000;Чаганская п.а.
231;230;101063100;п.Чаган
232;2;101065000;Шульбинская п.а.
233;232;101065100;п.Шульбинск
234;1;101800000;Курчатов Г.А.
235;234;101810000;г.Курчатов
236;1;103200000;Абайский район
237;236;103230000;Карааульский с.о.
238;237;103230100;с.Карааул
239;236;103233000;Кенгирбайбийский с.о
240;239;103233100;с.Кенгирбай би
241;240;103233127;с.Жидебай
242;236;103235000;Архатский с.о.
243;242;103235100;с.Архат
244;242;103235500;с.Орда
245;236;103239000;Каскабулакский с.о.
246;245;103239100;с.Каскабулак
247;245;103239400;с.Борлы
248;236;103243000;Кундыздинский с.о.
249;248;103243100;с.Журекадыр
250;249;103243134;с.Мендеке
251;249;103243135;с.Жанаарна
252;236;103245000;Медеуский с.о.
253;252;103245100;с.Медеу
254;236;103247000;Кокбайский с.о.
255;254;103247100;с.Кокбай
256;255;103247117;с.Баянкар
257;255;103247164;с.Рамазан
258;236;103249000;Токтамысский с.о
259;258;103249100;с.Токтамыс
260;236;103253000;Сарыжалский с.о.
261;260;103253100;с.Сарыжал
262;1;103400000;район Аксуат
263;262;103430000;Аксуатский с.о.
264;263;103430100;с.Аксуат
265;264;103430115;с.Училище
266;262;103433000;Екпинский с.о.
267;266;103433100;с.Екпин
268;267;103433103;с.Жанатилек
269;267;103433104;с.Кызылкайын
270;267;103433106;Лагерь
271;267;103433107;с.Суттиген
272;267;103433108;Туйебаз
273;267;103433109;с.Хасен
274;267;103433111;Шифербаз
275;267;103433113;с.Читобе
276;266;103433200;с.Аккала
277;276;103433203;с.Байбалта
278;276;103433205;с.Шубарши
279;266;103433300;с.Кокжол
280;279;103433302;с.Актас
281;279;103433303;с.Бердибай
282;279;103433304;Куйгенкора
283;279;103433305;с.Нарын
284;279;103433306;с.Акбаз-1
285;279;103433307;с.Наум
286;279;103433308;с.Акшагыл
287;279;103433309;с.Атакан
288;279;103433311;с.Барлыбай
289;279;103433312;с.Бектур
290;279;103433313;с.Бесбастау
291;279;103433314;с.Дос
292;279;103433315;с.Жалпак
294;279;103433317;с.Жумакан-1
295;279;103433318;с.Жумакан-2
296;279;103433319;с.Какебай
297;279;103433321;с.Касенгажи
298;279;103433322;с.Кармыс
299;279;103433323;с.Конакбай
301;279;103433325;с.Кунбосын
302;279;103433326;с.Зекен-1
303;279;103433327;с.Зекен-2
304;279;103433328;с.Майса
305;279;103433329;с.Манак
306;279;103433331;с.Мухаметжан
307;279;103433332;с.Нуртаза
308;279;103433333;с.Оралбай
309;279;103433334;с.Оскенбай
310;279;103433335;с.Пштахан
311;279;103433336;с.Сарбастау
312;279;103433337;с.Темиртек
313;279;103433338;с.Шонтайбек
314;262;103435000;Кокжиринский с.о.
315;314;103435100;с.Кокжыра
316;314;103435200;с.Базарга
317;316;103435202;с.Алмас
318;316;103435203;с.Байкара
319;316;103435204;с.Дулагали
320;316;103435205;с.Жаскайрат
321;316;103435206;с.Жанабаз
322;316;103435207;с.Караоба
323;316;103435208;с.Кишкенетау
324;316;103435209;с.Базаршат
325;316;103435211;с.Каражал
326;314;103435300;с.Кызбай
327;326;103435302;с.Асемжан
328;326;103435303;с.Азимхан
329;326;103435304;с.Аксакал
330;326;103435305;с.Ахмади
331;326;103435306;с.Боранбай
332;326;103435307;с.Ермухан
333;326;103435308;с.Жоныс
334;326;103435309;с.Жумахан
335;326;103435311;с.Мазабай
336;326;103435313;с.Мухажан
337;326;103435315;с.Пима
338;326;103435317;с.Токтар
339;326;103435319;с.Шаяхмет
340;326;103435321;с.Мешел
341;326;103435322;с.Актубек
342;326;103435323;с.Акшал
343;326;103435324;с.Амре
344;326;103435325;с.Камза
345;326;103435326;с.Сарша
346;314;103435500;с.Мурсалим
347;346;103435502;с.Адилхан
348;346;103435503;с.Апырым
349;346;103435504;с.Дендагул
350;346;103435505;с.Кымбат
351;346;103435506;с.Кошкин
352;346;103435507;с.Маше
353;346;103435508;с.Мырзабай
354;346;103435509;с.Орак
355;346;103435511;с.Ракыш
356;346;103435513;с.Сарыбайбосын
357;346;103435515;с.Сейсеке
358;314;103435600;с.Сериктес
359;358;103435602;с.Алау
360;358;103435603;с.Молдабек
361;358;103435604;ЛСП
362;262;103437000;Киндиктинский с.о.
363;362;103437100;с.Киндикты
364;363;103437102;с.Кенжалы
365;363;103437103;с.Умбет
366;363;103437104;с.Армандастар
367;363;103437105;с.Сепкожа
368;363;103437106;с.Сарыбулак
369;363;103437107;с.Актогай
370;363;103437108;с.Арап
371;363;103437109;с.Аяган
372;363;103437111;с.Болсынбек
373;363;103437112;с.Карман
374;363;103437113;с.Марсембай
375;363;103437114;с.Шан
376;363;103437115;с.Жанабай-Жакып
377;362;103437200;с.Алгабас
378;377;103437202;с.Акжал
379;377;103437203;с.Ашудас
380;377;103437204;с.Зейнолла
381;377;103437205;с.Ораз
382;377;103437206;с.Отебай
383;377;103437207;с.Сандыктас
384;377;103437208;с.Умитхан
385;262;103439000;Кумгольский с.о.
386;385;103439100;с.Кумголь
387;386;103439103;с. Абылхаир
388;386;103439104;с.Акбаз
389;386;103439105;с.Актыбай
390;386;103439107;с.Дон
391;386;103439108;с.Иманбай
392;386;103439109;с.Кайракбай
393;386;103439111;с.Каныпхан
394;386;103439112;с.Мырзахан
395;386;103439113;с.Обши
396;386;103439114;с.Рахия
397;386;103439115;с.Саятбай
398;386;103439116;с.Уштобе
399;386;103439117;с.Шымголхан
400;386;103439118;с.Киров
401;386;103439119;с.Солтыбай
402;385;103439200;с.Кокбастау
403;402;103439202;с.Адил
404;402;103439203;с.Байшуак
405;402;103439204;с.Бахтен
406;402;103439205;с.Битимбай
407;402;103439206;с.Жанабай
408;402;103439207;с.Жыланды
409;402;103439208;с.Карче
410;402;103439209;с.Кожамжар
411;402;103439211;с.Косбастау
412;402;103439213;Кызылкора
413;402;103439217;с.Рахымбай
414;402;103439219;с.Сертекбай
415;402;103439221;с.Сункар
417;402;103439225;с.Толениш
418;402;103439227;с.Шапат
419;402;103439228;Жакты
420;402;103439229;с.Такия кеткен
421;402;103439231;с.Плотина
422;402;103439232;с.Соркора
423;402;103439233;с.Казы
424;402;103439234;с.Егинбай
425;402;103439235;с.Садубай
426;402;103439236;с.Баянды
427;402;103439237;с.Тебиске
428;402;103439238;с.Жакып
429;402;103439239;с.Отейсуы
430;402;103439241;с.Испе
431;402;103439242;с.Ахмади
432;402;103439243;с.Коспа
433;402;103439244;с.Битембай
434;402;103439245;с.Оскан
435;402;103439246;с.Зергер
436;402;103439247;с.Каргин
437;385;103439300;с.Каргыба
438;437;103439302;с.Айдабол
439;437;103439303;с.Байкан
440;437;103439304;Жамануй
441;437;103439305;с.Ержан
442;437;103439306;с.Каратал 1
443;437;103439307;с.Каратал 2
444;437;103439308;с.Кенесбай
446;437;103439311;с.Шыбынды
447;437;103439313;с.Шункыроба
448;437;103439314;с.Диирмен
449;385;103439400;с.Кызылжулдыз
450;449;103439402;Огород
451;449;103439403;с.Бруцеллез
452;449;103439404;с.60 жылдык
453;449;103439405;с.Карасу
454;449;103439406;с.Тебиске
455;449;103439407;с.Тортжатыр
456;449;103439408;Шекара
457;449;103439409;с.Ержан
458;449;103439411;с.Тлебалды база
459;449;103439412;с.Кайнар база
460;449;103439413;с.Кабдеш база
461;449;103439414;с.Байкан
462;262;103441000;Кызылкесекский с.о.
463;462;103441100;с.Кызылкесек
464;463;103441105;с.Байгали
465;463;103441106;с.Бердике
466;463;103441109;с.Исатай
467;463;103441115;с.Кенесбай
468;463;103441129;с.Куан
469;462;103441200;с.Егиндибулак
470;469;103441202;с.Алак
471;469;103441203;с.Есенкара
472;469;103441204;с.Жанузак
473;469;103441205;с.Жинишке
474;469;103441206;с.Журтыбай
475;469;103441207;с.Карашаш
476;469;103441208;с.Кожаберген
477;469;103441209;с.Майлышат
478;469;103441211;с.Мойылды
479;469;103441213;с.Муздысай
480;469;103441214;с.Егиндибулак 2
481;469;103441215;с.Талдыбулак
482;469;103441217;с.Токсанбай
483;469;103441219;с.Ушкара
484;469;103441221;с.Шона
485;469;103441222;с.Шетбогас
486;469;103441223;с.Агымбай
487;469;103441224;с.Актубек
488;469;103441225;с.Арап
489;469;103441226;с.Аюбай
490;469;103441227;с.Даутбай
491;469;103441228;с.Жаркен
492;469;103441229;с.Еспе
494;469;103441232;с.Коктобе
495;469;103441233;с.Караагаш
496;469;103441234;с.Косылбек
497;469;103441235;с.Такас
498;469;103441236;с.Егиндибулак 2
499;469;103441237;с.Каратакыр
500;469;103441238;с.Кул
501;469;103441239;с.Мамыжан
502;469;103441241;с.Сама
503;469;103441242;с.Бакалы
504;469;103441243;с.Жумагул
505;469;103441244;с.Жылыбет
506;469;103441245;с.Байорал
507;469;103441246;с.Туйебаз
508;462;103441400;с.Уштобе
509;508;103441402;с.Амантай
510;508;103441403;с.Бакалы
511;508;103441404;с.Досымхан
512;508;103441405;с.Жангизтал
513;508;103441406;с.Караша
514;508;103441407;с.Каражал
515;508;103441408;с.Касым
516;508;103441409;с.Коскызыл
517;508;103441411;с.Койтас
518;508;103441413;с.Кызбике
519;508;103441415;с.Кызыломар
520;508;103441417;с.Кулбулагы
521;508;103441419;с.Сауле
522;508;103441421;с.Самет
523;508;103441423;с.Тауык
524;508;103441425;с.Талдыбазар
525;508;103441427;с.Хамкожан
526;508;103441429;с.Шынтемир
527;508;103441431;с.Шынтай
528;508;103441432;с.Саршокы
529;508;103441433;с.Кокия
530;508;103441434;с.Аманбай
531;508;103441435;с.Елеусиз
532;508;103441436;с.Аккудык
533;508;103441437;с.Дара
534;508;103441438;с.Алипбайали
535;508;103441439;с.Елаул
536;508;103441441;с.Байшойын
537;508;103441442;с.Акжайляу
538;508;103441443;с.Абат
539;508;103441444;с.Акбаз
540;508;103441445;с.Алшын
541;508;103441446;с.Ералы
542;508;103441447;с.Зергер
543;508;103441448;с.Итбай
544;508;103441449;с.Кабыш
545;508;103441451;с.Максим Горький
546;508;103441452;с.Молдажар
547;508;103441453;с.Лаубай
548;508;103441454;с.Сарыозек
550;508;103441456;с.Торебек
551;262;103443000;Ойшиликский с.о.
552;551;103443100;с.Ойшилик
553;552;103443102;с.Жыргалы
554;552;103443103;с.Коккемир
555;552;103443104;с.Конысбай
556;552;103443105;с.Ортаойшылык
557;552;103443106;с.Узынбулак
558;552;103443107;с.Ескикокемер
559;552;103443108;с.Жанакокемер
560;552;103443109;с.Жыргалы
561;552;103443111;с.Тасбастау
562;552;103443112;с.Карабастау
563;552;103443113;с.Шилебастау
564;551;103443200;с.Айнабастау
565;564;103443202;с.Жартас
566;564;103443203;с.Карасай
567;564;103443204;с.Кайранбай
568;564;103443205;с.Кыземшек
569;564;103443206;с.Суан
570;564;103443207;с.Такыр
571;564;103443208;с.Шору
572;564;103443209;с.Шилибастау
573;564;103443211;с.Шобире
574;551;103443300;с.Акжол
575;574;103443302;с.Бекбай
576;574;103443304;с.Билеуши
577;574;103443305;с.Бимырза
578;574;103443307;с.Кызылкора
579;551;103443400;с.Есим
580;579;103443402;с.Абдилда
581;579;103443403;с.Бекежан
582;579;103443406;с.Жангизтал
583;579;103443407;с.Емдеу
584;579;103443411;с.Ушкын
585;551;103443500;с.Танамырза
586;585;103443504;с.Монак
587;585;103443508;с.Шакен
588;585;103443509;с.Манак
589;551;103443600;с.Томар
590;589;103443603;с.Апар
591;589;103443604;с.Жунис
592;589;103443605;с.Кожахмет
593;589;103443606;с.Кошан
594;589;103443607;с.Нургазы
595;589;103443608;с.Тойке
596;589;103443609;с.Тымырсык
597;589;103443615;с.Шокетай
598;262;103445000;Сатпаевский с.о.
599;598;103445100;с.Сатпаев
600;599;103445102;с.Акой
601;599;103445103;с.Бесшатыр
602;599;103445104;с.Дархан
603;599;103445105;с.50 жылдык
604;599;103445106;с.Дора
605;599;103445107;с.Кусаин
606;599;103445108;с.Тортагул
607;599;103445109;с.Уса
608;599;103445111;с.Шолпай
609;599;103445113;с.Шурек 1
610;599;103445115;с.Шурек 2
611;598;103445200;с.Коктубек
612;611;103445202;с.Акоба
613;611;103445203;с.Аксиыр
614;611;103445204;с.Жалгызтал
615;611;103445205;с.Жанаш
616;611;103445206;с.Казангап
617;611;103445207;с.Камысбаз
618;611;103445208;с.им.Рахмет Тогысбаева
619;598;103445300;с.Сулутал
620;619;103445302;с.Акан
621;619;103445303;Доненбекбаз
622;619;103445304;Заготскот
623;619;103445305;с.Карим
624;619;103445306;с.Кайса
625;619;103445307;с.Оркен 1
626;619;103445308;с.Оркен 2
627;619;103445309;с.Райхан
628;619;103445311;с.Ушкудук
629;619;103445313;с.Уалхан
630;619;103445315;с.Шокан
631;262;103447000;Ыргызбайский с.о.
632;631;103447100;с.Жантикей
633;632;103447102;с.Амир
634;632;103447103;с.Актобе
635;632;103447104;с.Балпан
636;632;103447105;с.Богенбай
637;632;103447106;с.Жангизтал
638;632;103447107;с.Карашенгел
639;632;103447108;с.Мукатай
640;632;103447109;с.Ортабаз
641;632;103447111;с.Сарсенбай
642;632;103447112;с.Богас
643;632;103447113;с.Уан
644;632;103447114;с.Базар
645;632;103447115;с.Шекей
646;631;103447300;с.Кожакельды
647;646;103447302;с.Ортаоткорм
648;646;103447303;с.Ортакараоба
649;646;103447304;с.Тауык
650;646;103447305;с.УПИ 1
651;646;103447306;с.УПИ 2
652;646;103447307;с.Шекей
653;1;103600000;Аягозский район
654;653;103620000;Аягоз г.а.
655;654;103620100;г.Аягоз
656;654;103620200;с.Айгыржал
657;654;103620300;с.Егизкызыл
658;654;103620400;с.Жыланды
659;654;103620500;с.Кошкентал
660;653;103639000;Айгызский с.о.
661;660;103639100;с.Айгыз
662;661;103639102;с.Айтуар
663;661;103639103;с.Аубакир
664;661;103639104;с.Баймуса
665;661;103639105;с.Батырбай
666;661;103639106;с.Калыбай
667;661;103639107;с.Карибжан
668;661;103639108;с.Кожа
669;661;103639109;с.Кызай
670;661;103639112;с.Кызылкесек
671;661;103639113;с.Корайлы
672;661;103639114;с.Куйган
673;661;103639115;с.Майтас
674;661;103639116;с.Маусымбай
675;661;103639117;с.Мектеп
676;661;103639118;с.Сага
677;661;103639119;с.Сагындык
678;661;103639121;с.Онгар
679;661;103639122;с.Оразбай
680;661;103639123;с.Хамит
681;661;103639124;с.Шалай
682;661;103639125;Центрбаза
683;661;103639126;с.Борлы
684;660;103639300;с.Коксала
685;684;103639305;с.Балду
686;684;103639306;с.Бирген
687;684;103639307;с.Бозахан
688;684;103639308;с.Доненбай
689;684;103639309;с.Доребай
690;684;103639311;с.Жанабаз
691;684;103639312;с.Мереке
692;684;103639313;с.Молдахан
693;684;103639314;с.Мырзахан
694;684;103639315;с.Ноке
695;684;103639316;с.Нурым
696;684;103639317;с.Отырыкшы
697;684;103639318;с.Рай
698;684;103639319;с.Толенды
699;653;103641000;Актогайский с.о.
700;699;103641100;с.Актогай
701;653;103643000;Акшатауский с.о.
702;701;103643100;с.Доненбай
703;702;103643102;с.Айнабудак
704;702;103643104;с.Кызыалдар
705;702;103643105;с.Мустафа
706;702;103643106;с.Тынышби
707;702;103643107;с.Колгутты
708;702;103643108;с.Абутолла
709;702;103643109;с.Жартыбай
710;701;103643200;с.Акклет
711;710;103643202;с.Актай
712;710;103643203;с.Байсултан
713;710;103643204;с.Балпош
714;701;103643500;с.Коныртау
715;714;103643502;с.Агали
716;714;103643503;с.Алдаберген
717;714;103643504;с.Жалгызсу
718;714;103643505;с.Жакей
719;714;103643506;с.Изимбай
720;714;103643507;с.Кадеш
721;714;103643508;с.Калибай
722;714;103643509;с.Карамай
723;714;103643511;с.Кенжебай
724;714;103643512;с.Керибай
725;714;103643513;с.Копа
726;714;103643514;с.Кызылагаш
727;714;103643515;с.Муздыбулак
728;714;103643516;с.Окпети
729;714;103643517;с.Сарыжомарт
730;714;103643518;с.Смагул
731;714;103643519;с.Калибай 1
732;653;103645000;Акшаулинский с.о.
733;732;103645100;с.Акшаули
734;732;103645300;с.Карабулак
735;653;103647000;Акшийский с.о.
736;735;103647100;с.Акши
737;736;103647102;с.Али
738;736;103647103;с.Егендыбулак
739;736;103647104;с.Ескисынтас
740;736;103647105;с.Жанасынтас
741;736;103647106;с.Канапья
742;736;103647107;с.Кокашы
743;736;103647108;с.Кызылбастау
744;736;103647109;с.Омирбай
745;735;103647200;с.Актубек
746;745;103647202;с.Актас
747;745;103647203;с.Алтуайт
748;745;103647204;с.Иргебай
749;745;103647205;с.Карашокы
750;745;103647206;с.Суйекбай
751;745;103647207;с.Туякбай
752;653;103649000;Байкошкарский с.о.
753;752;103649100;с.Байкошкар
754;753;103649103;с.Аккайын
755;753;103649105;с.Актан
756;753;103649127;с.Кенсуат
757;753;103649129;с.Нурдос
758;753;103649131;с.Айдос
759;753;103649133;с.Айдос 1
760;753;103649135;с.Сырым
761;753;103649137;с.Жакен
762;753;103649139;с.Алнур
763;753;103649141;с.Куат
764;753;103649143;с.Даулет
765;753;103649145;с.Нуржан
766;753;103649147;с.Рауан
767;753;103649149;с.Ушозен
768;753;103649151;с.Ермек
769;753;103649153;с.Динар
770;753;103649155;с.Айбол
771;653;103651000;Баршатасский с.о.
772;771;103651100;с.Баршатас
773;653;103653000;Бидайыкский с.о.
774;773;103653100;с.Бидайык
775;774;103653102;с.Акни
776;774;103653103;с.Абдресин
777;774;103653104;с.Сатай
778;774;103653106;с.Шаграй
779;774;103653107;с.Жалын
780;774;103653108;с.Жатакбет
781;774;103653111;Заготскот
782;774;103653112;с.Мартын
783;774;103653115;с.Карагаш
784;774;103653116;с.Каразат
785;774;103653117;с.Кенжекара
786;774;103653119;с.Куралай
787;774;103653123;с.Косбейт
788;774;103653125;с.Коктем
789;774;103653129;с.Косагаш
790;774;103653137;с.Саябай
791;653;103655000;Емелтауский с.о.
792;791;103655100;с.Емелтау
793;653;103659000;Карагашский с.о.
794;793;103659100;с.Караагаш
795;794;103659103;с.Атубек
796;794;103659108;с.Кырма
797;794;103659115;отяр 1
798;794;103659116;отяр 2
799;794;103659117;отяр 3
800;794;103659121;с.Сорели 1
801;794;103659122;с.Сорели 2
802;793;103659300;с.Каражал
803;802;103659307;с.Ерикара
804;802;103659311;с.Сарашокы
805;802;103659321;с.Ушкарасу
806;653;103661000;Копинский с.о.
807;806;103661100;с.Копа
808;807;103661102;с.Карасу
809;806;103661200;с.Каракум
810;653;103663000;Косагашский с.о.
811;810;103663100;с.Косагаш
812;811;103663106;с.Акышбай
813;811;103663109;с.Желдыбай
814;811;103663112;с.Егиндыбулак
815;811;103663116;с.Карабулак
816;811;103663125;с.Кусак
817;811;103663129;с.Сымтас
818;811;103663131;с.Сарымолла
819;811;103663139;с.Шет
820;653;103665000;Мадениетский с.о.
821;820;103665100;с.Мадениет
822;821;103665104;с.Арай
823;821;103665109;с.Даулет
824;821;103665115;с.Коль
825;821;103665121;с.Коянды
826;821;103665125;с.Суарлы
827;821;103665127;с.Сункар
828;821;103665129;с.Талдыбулак
829;821;103665141;с.Жандос
830;821;103665143;с.Карабужыр
831;821;103665145;с.Кызылкайнар
832;821;103665147;с.Кишикоктал
833;821;103665149;с.Жаркымбай
834;821;103665151;с.Кабыргатал
835;821;103665152;с.Коктал
836;653;103667000;Майлинский с.о.
837;836;103667100;с.Майлино
838;837;103667102;с.Барак
839;837;103667103;с.Жыланды
840;837;103667104;с.Ибагар
841;837;103667106;с.Кансейт
842;837;103667107;с.Каскасу
843;837;103667108;с.Коксу
844;837;103667109;с.Текежан
845;837;103667112;с.Медетжан
846;837;103667114;с.Каражартас
847;837;103667115;с.Уйтас
848;837;103667116;с.Карабулак
849;837;103667117;с.Топар
850;837;103667118;с.Токтар
851;837;103667121;с.Тоскара 1
852;837;103667122;с.Тоскара 2
853;836;103667300;с.Старое Майлино
854;836;103667700;рзд.18 км
855;653;103669000;Малгельдинский с.о.
856;855;103669100;с.Корык
857;856;103669113;с.Ешке
858;856;103669129;с.Каугай
859;856;103669135;с.Кусмурын
860;856;103669137;с.Кур
861;856;103669161;с.Самал
862;856;103669163;3 ферма
863;856;103669165;с.Масакбай
864;856;103669167;с.Жайна
865;856;103669169;с.Комет
866;856;103669171;1 ферма
867;856;103669172;с.Жорга
868;856;103669173;с.Коскуман
869;856;103669174;с.Нурбай
870;653;103671000;Мынбулакский с.о.
871;870;103671100;с.Ай
872;871;103671103;с.Айка
873;871;103671111;с.Каскырбай 1
874;871;103671112;с.Каскырбай 2
875;871;103671113;с.Каскырбай 3
876;871;103671114;с.Кызылкайнар
877;870;103671200;с.Актас
878;877;103671205;с.Карабай
879;877;103671206;с.Колгалы
880;870;103671300;с.Ескенебулагы
881;880;103671304;3 гурт
882;880;103671305;с.Каржартас
883;880;103671306;с.Мынбулак
884;880;103671307;3 точка
885;880;103671309;с.Шакирти
886;870;103671400;с.Желдыкара
887;886;103671403;с.Акбастау
888;886;103671405;с.Казанкемпир
889;870;103671500;с.Кенколат
890;889;103671505;с.Жаманак
891;889;103671506;с.Каинды
892;889;103671507;с.Кызылшокы
893;889;103671508;с.Токбай
894;889;103671509;с.Томала
895;653;103673000;Нарынский с.о.
896;895;103673100;с.Шынкожа
897;896;103673105;Бетонбаз
898;896;103673106;с.Карааул
899;896;103673107;Дом чабана
900;896;103673108;с.Толенды
901;896;103673109;с.Ботабай
902;896;103673111;Дом чабана
903;895;103673200;с.Ай
904;903;103673208;Дом чабана
905;653;103675000;Оркенский с.о.
906;905;103675100;с.Оркен
907;906;103675103;с.Акши
908;906;103675105;с.Дос канат
909;906;103675107;с.Жалгыстал
910;906;103675108;с.Жас клен
911;906;103675109;с.Жасталап
912;906;103675111;с.Жигер
913;906;103675112;с.Каражиде
914;906;103675113;с.Косай
915;906;103675114;с.Кулакмет
916;906;103675115;с.Курманбай
917;906;103675116;с.Ортакон
918;906;103675117;с.Райымкан
919;906;103675118;с.Сеиткан
920;906;103675119;с.Тасбау
921;906;103675121;с.Тлемис
922;906;103675122;с.Тугыл
923;906;103675123;с.Турлубек
924;653;103679000;Сарыаркинский с.о.
925;924;103679100;с.Сарыарка
926;925;103679105;с.Бельтума
927;925;103679106;с.Шубартос
928;924;103679200;с.Биесимас
929;928;103679203;с.Актас
930;653;103681000;Мамырсуский с.о.
931;930;103681100;с.Мамырсу
932;931;103681102;с.Абдрахман
933;931;103681103;с.Алпысатар
934;931;103681104;с.Алтынай
935;931;103681106;Депо
936;931;103681107;с.Жалгызкайын
937;931;103681108;с.Жагыпар
938;931;103681111;с.Амангазы
939;931;103681112;с.Каражал
940;931;103681113;с.Карашока
941;931;103681114;с.Когилдир
942;931;103681115;с.Коктерек
943;931;103681116;с.Комсомол
944;931;103681117;с.Копалы
945;931;103681118;с.Копирбулак
946;931;103681119;Лагерь
947;931;103681121;с.Матвей
948;931;103681141;с.Жумагул
949;930;103681200;с.Батпак
950;949;103681215;с.Сарыозек
951;930;103681300;с.Бозай
952;653;103685000;Тарлаулинский с.о.
953;952;103685100;с.Тарлаулы
954;953;103685102;с.Акший
955;953;103685103;с.Ажирык
956;953;103685105;с.Козы-Корпеш
957;952;103685200;ст.Акбулак
958;952;103685400;ст.Жузагаш
959;952;103685500;с.Копа
960;952;103685700;ст.Тансык
961;653;103687000;Тарбагатайский с.о
962;961;103687100;с.Тарбагатай
963;962;103687102;с.Абдразак 1
964;962;103687103;с.Акбаз
965;962;103687104;с.Акбастау
966;962;103687105;с.Боз
967;962;103687106;с.Бокас
968;962;103687107;с.Бостанбай
969;962;103687108;с.Жакула
970;962;103687109;с.Жангелды
971;962;103687111;с.Караой
972;962;103687112;с.Карасу
973;962;103687113;с.Корпеш
974;962;103687114;с.Коккия
975;962;103687115;с.Кызылкора
976;962;103687116;с.Макажан
977;962;103687117;с.Мынбулак
978;962;103687118;с.Оянбирлик
979;962;103687119;с.Пушбакбай
980;962;103687121;с.Райбай
981;962;103687122;с.Сангру
982;962;103687123;с.Сиыркара
983;962;103687124;с.Сыдык
984;962;103687125;с.Таркезен
985;962;103687126;с.Турар 2
986;962;103687127;с.Умбетей
987;962;103687128;с.Хабин
988;962;103687129;с.Шленбай
989;962;103687131;с.Абден
990;962;103687132;с.Абдан
991;962;103687133;с.Текбулак
992;961;103687300;с.Акшокы
993;992;103687305;с.Жанпеис
994;992;103687306;с.Оленбай
995;961;103687400;с.Малтугел
996;995;103687402;с.Абдразак 2
997;995;103687403;с.Абсеит
998;995;103687404;с.Айнабай
999;995;103687405;с.Исабек
1000;995;103687406;с.Молдабай
1001;995;103687407;с.Назарбай
1002;995;103687408;с.Омирбай
1003;995;103687409;с.Сампай
1004;995;103687411;с.Серкебай
1005;961;103687500;с.Ортаарал
1006;1005;103687505;с.Кабылбай
1007;1005;103687506;с.Отеп
1008;1005;103687507;Точка
1009;1;103800000;Бескарагайский район
1010;1009;103830000;Бескарагайский с.о.
1011;1010;103830100;с.Бескарагай
1012;1009;103833000;Баскольский с.о.
1013;1012;103833100;с.Карагайлы
1014;1012;103833200;с.Башкуль
1015;1014;103833202;с.Базарколь
1016;1014;103833203;с.Кермекдальн
1017;1014;103833204;с.Сарыкамыс 2
1018;1014;103833205;с.Сарыкамыс 3
1019;1012;103833300;с.Букебай
1020;1009;103835000;Бегенский с.о.
1021;1020;103835100;с.Бегень
1022;1021;103835103;с.Жандос
1023;1021;103835105;Жив.т.Босшилик
1024;1020;103835200;Бегенский лесхоз
1025;1009;103837000;Глуховский с.о.
1026;1025;103837100;с.Глуховка
1027;1025;103837300;с.Белокаменка
1028;1025;103837400;с.Бирлик
1029;1025;103837500;с.Джеланды
1030;1029;103837502;с.Аккульск
1031;1025;103837600;с.Старая Крепость
1032;1031;103837603;Спортивная база Елимай
1033;1031;103837605;Лагерь Лесная Поляна
1034;1025;103837700;с.Стеклянка
1035;1009;103841000;Долонский с.о.
1036;1035;103841100;с.Долонь
1037;1036;103841102;Восточный лесхоз
1038;1036;103841103;Поселок ХПП
1039;1035;103841200;с.Бодене
1040;1039;103841202;Жив.точка Алга
1041;1039;103841203;Жив.точка Бланка
1042;1039;103841204;Жив.точка Жанакум
1043;1039;103841205;Жив.точка Коль
1044;1039;103841206;Жив.точка Окунь
1045;1039;103841207;Жив.точка Таскудык
1046;1039;103841208;Жив.точка Сольпром
1047;1035;103841300;с.Мостик
1048;1035;103841400;с.Черемушка
1049;1048;103841403;Жив.точка Новая база
1050;1009;103843000;Канонерский с.о.
1051;1050;103843100;с.Канонерка
1052;1051;103843102;с.Карабаш
1053;1050;103843200;с.Карамырза
1054;1009;103845000;Маловладимировский с.о.
1055;1054;103845100;с.Малая Владимировка
1056;1055;103845102;Кордон Рамадан
1057;1054;103845200;с.Бозтал
1058;1009;103847000;Карабасский с.о.
1059;1058;103847100;с.Карабас
1060;1059;103847102;с.Донгулек
1061;1059;103847103;с.Теректи
1062;1059;103847104;Семеновский лесхоз
1063;1058;103847200;с.Ондирис
1064;1009;103849000;Жетижарский с.о.
1065;1064;103849100;с.Жетижар
1066;1065;103849102;с.Байбура
1067;1065;103849103;с.Кожахмет
1068;1065;103849104;с.Нурбай
1069;1065;103849105;с.Шамар
1070;1064;103849200;с.Кривинка
1071;1070;103849202;с.Куланшы
1072;1070;103849203;с.Миялы 1
1073;1070;103849204;с.Миялы 2
1074;1070;103849205;с.Таракты
1075;1070;103849206;с.Чиликтыколь
1076;1064;103849300;с.Лесное
1077;1076;103849302;с.Алтыбай
1078;1076;103849303;с.Грачи
1079;1076;103849304;с.Муздыкудык
1080;1076;103849305;с.Мукатай
1081;1076;103849306;с.Целинный
1082;1076;103849307;с.Чумычкино
1083;1009;103851000;Ерназаровский с.о.
1084;1083;103851100;с.Ерназар
1085;1084;103851102;с.Полянка
1086;1083;103851200;с.Коянбай
1087;1083;103851300;Морозовский лесхоз
1088;1;104000000;Бородулихинский район
1089;1088;104030000;Бородулихинский с.о.
1090;1089;104030100;с.Бородулиха
1091;1089;104030200;с.Барышовка
1092;1089;104030300;с.Знаменка
1093;1089;104030400;с.Поднебесное
1094;1089;104030600;с.Успенка
1095;1088;104033000;Андреевский с.о.
1096;1095;104033100;с.Михайличенково
1097;1096;104033102;с.Петроградское
1098;1088;104035000;Бель-Агачский с.о.
1099;1098;104035100;с.Бель-Агач
1100;1098;104035400;с.Бековка
1101;1100;104035403;с.Бек-Карьер
1102;1098;104035600;рзд.Дюсакен
1103;1098;104035700;с.Зенковка
1104;1103;104035702;с.Умурзак
1105;1098;104035800;рзд.41
1106;1088;104037000;Бакинский с.о.
1107;1106;104037100;с.Коростели
1108;1107;104037104;с.Тарск
1109;1106;104037200;ст.Аул
1110;1088;104043000;Дмитриевский с.о.
1111;1110;104043100;с.Дмитриевка
1112;1110;104043200;с.Боровое
1113;1088;104045000;Жезкентский с.о.
1114;1113;104045100;с.Жезкент
1115;1088;104047000;Жерновский с.о.
1116;1115;104047100;с.Жерновка
1117;1115;104047300;с.Боровлянка
1118;1115;104047500;с.Поллог
1119;1088;104049000;Зубаировский с.о.
1120;1119;104049100;с.Зубаир
1121;1119;104049200;с.Байтанат
1122;1119;104049300;с.Жанаауыл
1123;1088;104051000;Красноярский с.о.
1124;1123;104051100;с.Красный Яр
1125;1123;104051200;с.Речное
1126;1123;104051300;с.Уба-Форпост
1127;1126;104051302;с.Девятка
1128;1088;104055000;Кунарлинский с.о.
1129;1128;104055100;с.Песчанка
1130;1129;104055102;с.Мурзово
1131;1128;104055400;с.Жарбұлақ
1132;1131;104055401;с.Алексеевка
1133;1131;104055402;с.Ново-Васильевка
1134;1088;104057000;Новодворовский с.о.
1135;1134;104057100;с.Ивановка
1136;1134;104057200;Подхоз Березовка
1137;1134;104057300;Санаторий Березовка
1138;1134;104057500;с.Сосновка
1139;1088;104059000;Новопокровский с.о.
1140;1139;104059100;с.Новопокровка
1141;1139;104059200;с.Карагайлы
1142;1139;104059300;с.Сарногай
1143;1088;104061000;Новошульбинский с.о.
1144;1143;104061100;с.Новая Шульба
1145;1144;104061102;с.Потапенково
1146;1143;104061400;с.Ақши
1147;1143;104061600;с.Солоновка
1148;1147;104061602;с.Ключики
1149;1088;104063000;Переменовский с.о.
1150;1149;104063100;с.Переменовка
1151;1149;104063200;с.Андроновка
1152;1149;104063300;с.Орловка
1153;1149;104063400;с.Ремки
1154;1088;104065000;Петропавловский с.о.
1155;1154;104065100;с.Петропавловка
1156;1155;104065102;с.Воскресеновка
1157;1154;104065300;с.Изатулла
1158;1157;104065303;с.Мещанка
1159;1088;104067000;Подборный с.о.
1160;1159;104067100;с.Камышенка
1161;1159;104067200;с.Михайловка
1162;1161;104067203;с.Жақсылық
1163;1088;104069000;Степной с.о.
1164;1163;104069100;с.Шелехово
1165;1164;104069102;с.Троицкое
1166;1163;104069300;с.Орловка
1167;1166;104069303;с.Қызылтай
1168;1088;104071000;Таврический с.о.
1169;1168;104071100;с.Буркотово
1170;1169;104071102;с.Богомолово
1171;1169;104071104;с.Кондратьевка
1172;1168;104071400;с.Сохновка
1173;1;104200000;Жарминский район
1174;1173;104221000;Шарская г.а.
1175;1174;104221100;г.Шар
1176;1174;104221300;с.Кезенсу
1177;1176;104221302;с.Акбастау
1178;1176;104221303;с.Аккудук
1179;1176;104221304;с.Атыгай
1180;1176;104221305;с.Аякжыра
1181;1176;104221306;с.Ауганбай
1182;1176;104221307;с.Кызылшокы
1183;1176;104221308;с.Муздыбай
1184;1176;104221309;с.Сахай
1185;1176;104221311;с.Темирбек
1186;1176;104221313;с.Шакей
1187;1176;104221314;с.Еспе
1188;1176;104221315;рзд.6
1189;1174;104221400;с.Кошек
1190;1189;104221405;с.Караш
1191;1174;104221700;с.Сарыарка
1192;1174;104221900;с.Суырлы
1193;1173;104230000;Калбатауский с.о.
1194;1193;104230100;с.Калбатау
1195;1194;104230102;с.Кесикпай
1196;1194;104230103;с.Камышитовая
1197;1194;104230104;ЛТО
1198;1194;104230105;с.Никитенка
1199;1194;104230106;Огород
1200;1194;104230107;Бригада 1 Табор
1201;1194;104230108;с.Корукшар
1202;1194;104230109;с.Орумбай
1203;1194;104230111;с.Арасан
1204;1194;104230112;с.Доран
1205;1194;104230113;с.Жолан
1206;1194;104230114;с.Новая
1207;1194;104230115;с.Озерный
1208;1194;104230116;с.Бурлыагаш
1209;1194;104230117;точка 1
1210;1194;104230118;точка 2
1211;1194;104230119;с.Юбилейная
1212;1193;104230400;с.Батыр Капай
1213;1193;104230800;с.Ортабулак
1214;1213;104230803;с.Боршабулак
1215;1213;104230804;уч.Алайгыр
1216;1173;104233000;Акжальский с.о.
1217;1216;104233100;с.Жанаозен
1218;1217;104233102;с.Бельдеу
1219;1217;104233103;с.Токтакушик
1220;1217;104233106;с.Женишке
1221;1216;104233300;с.Акжал
1222;1221;104233302;с.Боке
1223;1173;104235000;Ауэзовский с.о.
1224;1223;104235100;с.Ауэзов
1225;1223;104235200;с.Солнечное
1226;1173;104237000;Бельтерекский с.о.
1227;1226;104237100;с.Белтерек
1228;1227;104237102;уч.Абжан
1229;1227;104237103;уч.Баулык
1230;1227;104237104;уч.Жагипар
1231;1227;104237105;уч.Карибай
1232;1227;104237106;уч.Каратас
1233;1227;104237107;уч.Кырка
1234;1227;104237108;уч.Орумбай
1235;1227;104237109;уч.Сарыолен
1236;1227;104237111;уч.Сылдырбай
1237;1227;104237112;с.Карашокы
1238;1227;104237113;уч.Айбас
1239;1227;104237114;уч.Иман
1240;1227;104237115;уч.Кабанбай
1241;1227;104237116;уч.Шошкалы
1242;1227;104237117;уч.Шуак
1243;1227;104237118;уч.Карабие
1244;1226;104237200;с.Балыктыколь
1245;1226;104237400;с.8 Марта
1246;1245;104237402;уч.Айнабулак
1247;1245;104237403;уч.Алтыбай
1248;1245;104237404;уч.Аяккол
1249;1245;104237405;уч.Кокен
1250;1245;104237406;уч.Караш
1251;1245;104237407;уч.Колбулак
1252;1245;104237408;уч.Кызылкайнар
1253;1245;104237409;уч.Нагол
1254;1245;104237411;уч.Рами
1255;1245;104237413;уч.Танеке
1256;1173;104239000;Божегурский с.о.
1257;1256;104239100;с.Салкынтобе
1258;1256;104239200;с.Каражал
1259;1256;104239300;с.Укили
1260;1173;104245000;Бирликский с.о.
1261;1260;104245100;с.Бирлик
1262;1261;104245102;с.Амангельды
1263;1261;104245107;с.Каракожа
1264;1173;104247000;Бирликшильский с.о.
1265;1264;104247100;с.Сулусары
1266;1265;104247103;с.Енбекту
1267;1265;104247105;с.Юбилейная
1268;1265;104247107;с.Казан-чункур
1269;1265;104247108;с.Койтас
1270;1265;104247109;с.Койтас 1
1271;1265;104247111;с.Нургали
1272;1264;104247500;с.Шымылдык
1273;1272;104247503;с.Акбиик
1274;1272;104247505;с.Уаихан
1275;1173;104257000;Жангизтобинский с.о.
1276;1275;104257100;с.Жангизтобе
1277;1276;104257105;рзд.9 км
1278;1275;104257300;рзд.10 км
1279;1275;104257400;с.Шуак
1280;1173;104263000;Жарминский с.о.
1281;1280;104263100;с.Жарма
1282;1281;104263104;рзд.15 км
1283;1281;104263105;рзд.16 км
1284;1280;104263200;с.Каракойтас
1285;1173;104265000;Жарыкский с.о.
1286;1285;104265100;с.Жарык
1287;1286;104265102;точка Аргынбай
1288;1286;104265103;точка Комсомол
1289;1286;104265104;точка Кайран
1290;1286;104265105;точка Карасу
1291;1286;104265107;точка Подхоз
1292;1286;104265109;точка Куланбай
1293;1286;104265113;точка Туркан
1294;1286;104265114;с.Кызылкайын
1295;1286;104265115;точка Акбаз
1296;1285;104265300;с.Малай
1297;1296;104265302;точка Бесбаз
1298;1296;104265303;точка Едильбай
1299;1296;104265304;точка Сарыоба
1300;1296;104265305;точка Уйтас
1301;1173;104273000;Аршалинский с.о.
1302;1301;104273100;с.Аршалы
1303;1302;104273102;с.Петровка
1304;1302;104273103;с.Суыкбулак
1305;1302;104273104;с.Тума
1306;1302;104273105;с.Турксиб
1307;1301;104273200;с.Жарыктас
1308;1307;104273202;с.Акай
1309;1307;104273203;с.Акпай
1310;1307;104273204;с.Жалпакбас
1311;1307;104273205;с.Иманбай
1312;1307;104273206;с.Карашокы
1313;1307;104273207;с.Косбулак
1314;1307;104273208;с.Кызылкаска
1315;1307;104273209;с.Куттымбет
1316;1307;104273211;с.Сарыбужур
1317;1307;104273213;с.Сункар
1318;1307;104273215;с.Шылтан
1319;1173;104275000;Капанбулакский с.о.
1320;1319;104275100;с.Капанбулак
1321;1320;104275103;с.Нарбота
1322;1320;104275105;с.Первомайское
1323;1320;104275107;рзд.12 км
1324;1320;104275108;рзд.14 км
1325;1319;104275200;с.Балыктыколь
1326;1319;104275300;с.Егинбулак
1327;1326;104275302;с.Акажан
1328;1326;104275303;с.Аккора
1329;1326;104275304;с.Бердикожа
1330;1326;104275305;с.Разин
1331;1319;104275400;ст.Капанбулак
1332;1319;104275500;с.Төлеуғали Әбдібекова
1333;1332;104275502;с.Берден
1334;1332;104275503;с.Боз
1335;1332;104275504;с.Досхана
1336;1332;104275505;с.Кенебай
1337;1332;104275506;с.Киикбай
1338;1332;104275507;с.Косе
1339;1332;104275508;с.Карабулак
1340;1332;104275509;с.Каракия
1341;1332;104275511;с.Камбар
1342;1332;104275513;с.Сартмойнак
1343;1332;104275515;с.Султан
1344;1173;104277000;Карасуский с.о.
1345;1344;104277100;с.Киши Карасу
1346;1345;104277102;уч.Акмолда
1347;1345;104277103;уч.Актобе
1348;1345;104277104;уч.Байгара
1349;1345;104277105;уч.Балтабай
1350;1345;104277106;уч.Белая база
1351;1345;104277107;уч.Буйрексирак
1352;1345;104277108;уч.Кызылагаш
1353;1345;104277109;уч.Нестровка
1354;1345;104277111;уч.Новая Черногорка
1355;1345;104277113;уч.Опытное
1356;1345;104277115;уч.Старая Черногорка
1357;1345;104277117;уч.Шагил
1358;1345;104277119;уч.Шолактумсык
1359;1344;104277200;с.Аскаралы
1360;1359;104277203;уч.Баймырза
1361;1359;104277204;уч.Бектас
1362;1359;104277205;уч.Бескай
1363;1359;104277206;уч.Ближний Байгон
1364;1359;104277207;уч.Дальний Байгон
1365;1359;104277208;уч.Дюке
1366;1359;104277209;уч.Карашокы
1367;1359;104277211;уч.Кызылчилик
1368;1359;104277213;уч.Сеймазы
1369;1359;104277215;уч.Тостек
1370;1359;104277217;уч.Шат
1371;1344;104277300;с.Конырбиик
1372;1371;104277302;уч.Абей
1373;1371;104277303;уч.Деткоммуна
1374;1371;104277304;уч.Изенди
1375;1371;104277305;уч.Кансар
1376;1371;104277306;уч.Кауымбай
1377;1371;104277307;уч.Коксу
1378;1371;104277308;уч.Кызылжетек
1379;1371;104277309;уч.Осен
1380;1371;104277311;уч.Сеит
1381;1371;104277313;уч.Шабак
1382;1371;104277315;уч.Шардала
1383;1371;104277316;с.Майса
1384;1371;104277317;с.Суыкбулак
1385;1371;104277318;уч.Мусреп
1386;1371;104277319;уч.Ханкелды
1387;1173;104279000;Каратобинский с.о.
1388;1387;104279100;с.Каратобе
1389;1387;104279200;с.Ади
1390;1389;104279203;с.Есерке
1391;1387;104279300;с.Кентарлау
1392;1391;104279303;с.Даубай
1393;1173;104281000;Кызылагашский с.о.
1394;1393;104281100;с.Кызылагаш
1395;1394;104281102;Арабаз
1396;1394;104281103;с.Жарыкты
1397;1394;104281104;с.Каратогай
1398;1394;104281105;с.Кулжабас
1399;1394;104281106;Птичник
1400;1394;104281107;с.Саметей
1401;1394;104281108;с.Сандыктас
1402;1394;104281109;с.Сарсембай
1403;1394;104281111;с.Шыныбай
1404;1394;104281112;с.Каратоган
1405;1394;104281113;с.Баужан
1406;1394;104281114;с.Суыкбастау
1407;1394;104281115;с.Уклижартас
1408;1393;104281300;с.Карасу
1409;1408;104281303;17 км
1410;1173;104283000;Ушбиикский с.о.
1411;1410;104283100;с.Ушбиик
1412;1411;104283102;точка Дамба
1413;1411;104283103;точка Жанабаз
1414;1411;104283104;точка Горсовет
1415;1411;104283105;точка Какпатас
1416;1411;104283106;точка Косай
1417;1411;104283107;точка Коянбай
1418;1411;104283108;точка Караадыр 3
1419;1411;104283109;точка Молбулак
1420;1411;104283111;точка Лепес
1421;1411;104283113;точка Райбольница
1422;1411;104283115;точка Северный Каражал
1423;1411;104283117;точка Фонтан
1424;1411;104283118;с.Енрекей
1425;1411;104283119;точка Даулетбай
1426;1411;104283121;точка Жумахан
1427;1411;104283122;точка Иманмуса
1428;1411;104283123;точка Изембай
1429;1411;104283124;точка Караадыр 1
1430;1411;104283125;точка Караадыр 2
1431;1411;104283126;точка Киргизжал
1432;1411;104283127;уч.Айнабулак
1433;1411;104283128;точка Наймантай
1434;1411;104283129;уч.Узынбулак
1435;1411;104283131;точка Тубек
1436;1411;104283132;точка Ушкумалак
1437;1411;104283133;точка Шурук
1438;1411;104283134;уч.Тошала
1439;1173;104285000;Суыкбулакский с.о.
1440;1439;104285100;с.Суыкбулак
1441;1439;104285200;с.Дельбегетей
1442;1441;104285203;рзд.3
1443;1441;104285205;рзд.4
1444;1439;104285300;с.Жайма
1445;1444;104285302;с.Акбастау 1
1446;1444;104285303;с.Акбастау 2
1447;1444;104285304;с.Агашкудук
1448;1444;104285305;с.Корганбай
1449;1444;104285306;Живконтора
1450;1444;104285307;с.Карашокы
1451;1444;104285308;с.Каскабулак 1
1452;1444;104285309;с.Каскабулак 2
1453;1444;104285311;с.Наймантай
1454;1444;104285312;с.Каскабулак 3
1455;1444;104285313;Средний баз
1456;1439;104285400;с.Теристанбалы
1457;1456;104285403;уч.Раис
1458;1439;104285500;с.Узунжал
1459;1173;104289000;Шалабаевский с.о.
1460;1459;104289100;с.Шалабай
1461;1460;104289103;с.Мортас
1462;1460;104289104;с.Костобе
1463;1460;104289105;с.Иман
1464;1460;104289106;с.Молдабай
1465;1460;104289107;с.Черниговка
1466;1460;104289108;с.Холодный Ключ
1467;1460;104289109;с.Жанааул
1468;1460;104289111;с.Алексеевка
1469;1460;104289112;с.Карабулак
1470;1;104400000;Кокпектинский район
1471;1470;104430000;Кокпектинский с.о.
1472;1471;104430100;с.Кокпекты
1473;1471;104430300;с.Ажа
1474;1471;104430400;с.Узунбулак
1475;1471;104430500;с.Шариптогай
1476;1471;104430600;с.Толагай
1477;1470;104435000;Улкен Букенский с.о.
1478;1477;104435100;с.Улкен Бокен
1479;1478;104435105;с.Тентек
1480;1477;104435200;с.Актас
1481;1477;104435300;с.Жалсары
1482;1470;104439000;Кокжайыкский с.о.
1483;1482;104439100;с.Кокжайык
1484;1483;104439105;с.Жумыскер
1485;1483;104439107;с.Талапкер
1486;1482;104439300;с.Акой
1487;1482;104439500;с.Карамойыл
1488;1482;104439600;с.Карагандыколь
1489;1470;104445000;с.о.им.Койгельды Аухадиева
1490;1489;104445100;с.Преображенка
1491;1489;104445200;с.Укиликыз
1492;1491;104445203;с.Малая Буконь
1493;1489;104445400;с.Черноярка
1494;1470;104459000;Бигашский с.о.
1495;1494;104459100;с.Бигаш
1496;1494;104459200;с.Егинбулак
1497;1496;104459204;с.Комсомол
1498;1496;104459205;с.Каргалы
1499;1470;104465000;Тассайский с.о.
1500;1499;104465100;с.Тассай
1501;1500;104465105;с.Самык
1502;1499;104465200;с.Аксу
1503;1499;104465300;с.Кайнар
1504;1499;104465500;с.Ушкумей
1505;1470;104467000;Теректинский с.о.
1506;1505;104467100;с.Теректы
1507;1506;104467102;с.Каменка
1508;1506;104467103;с.Кызыл-Жулдыз
1509;1506;104467104;с.Орнек
1510;1506;104467105;с.Сарычиганак
1511;1470;104469000;Ульгулималшинский с.о.
1512;1511;104469100;с.Ульгули-Малши
1513;1512;104469105;с.Даулетбай
1514;1511;104469400;с.Нура
1515;1511;104469500;с.Сулеймен
1516;1511;104469600;с.Мамай
1517;1470;104477000;Шугылбайский с.о
1518;1517;104477100;с.Шугылбай
1519;1517;104477300;с.Мелитополь
1520;1;104600000;Урджарский район
1521;1520;104630000;Урджарский с.о.
1522;1521;104630100;с.Урджар
1523;1521;104630200;с.Бургон
1524;1521;104630300;с.Кызылту
1525;1520;104633000;Акжарский с.о.
1526;1525;104633100;с.Акжар
1527;1525;104633200;с.Амангельды
1528;1525;104633300;с.Карамойыл
1529;1520;104635000;Колдененский с.о.
1530;1529;104635100;с.Колденен
1531;1520;104637000;Акшокинский с.о.
1532;1531;104637100;с.Акшокы
1533;1531;104637300;с.Подгорное
1534;1520;104639000;Алтыншокинский с.о.
1535;1534;104639100;с.Алтыншокы
1536;1534;104639200;с.им.Айтбая
1537;1534;104639300;с.Лайбулак
1538;1534;104639400;с.Текебулак
1539;1520;104641000;Бахтинский с.о.
1540;1539;104641100;с.Бахты
1541;1520;104643000;Бестерекский с.о.
1542;1541;104643100;с.Бестерек
1543;1541;104643200;с.Казымбет
1544;1541;104643300;с.Кабанбай
1545;1520;104645000;Келдимуратовский с.о.
1546;1545;104645100;с.Келдимурат
1547;1545;104645200;с.Кызылжулдуз
1548;1520;104647000;Жана тилекский с.о.
1549;1548;104647100;с.Жана тилек
1550;1548;104647200;с.Тасарык
1551;1520;104649000;Егинсуский с.о.
1552;1551;104649100;с.Егинсу
1553;1551;104649200;с.Жанай
1554;1520;104651000;Елтайский с.о.
1555;1554;104651100;с.Елтай
1556;1520;104653000;Кабанбайский с.о.
1557;1556;104653100;с.Кабанбай
1558;1557;104653106;с. Жаланашкол
1559;1520;104655000;Кокозекский с.о.
1560;1559;104655100;с.Кокозек
1561;1520;104657000;Каратуминский с.о.
1562;1561;104657100;с.Каратума
1563;1520;104659000;Коктальский с.о.
1564;1563;104659100;с.Коктал
1565;1520;104661000;Коктерекский с.о.
1566;1565;104661100;с.Коктерек
1567;1565;104661200;с.Кайынды
1568;1565;104661300;с.Кызылбулак
1569;1520;104663000;Карабутинский с.о.
1570;1569;104663100;с.Карабута
1571;1520;104665000;Карабулакский с.о.
1572;1571;104665100;с.Карабулак
1573;1571;104665200;с.Барлыкарасан
1574;1520;104667000;Каракольский с.о.
1575;1574;104667100;с.Каракол
1576;1575;104667103;с.Сарытерек
1577;1575;104667104;ферма 3
1578;1575;104667180;ферма 1 Абай
1579;1574;104667400;с.Сагат
1580;1520;104669000;Каратальский с.о.
1581;1580;104669100;с.Каратал
1582;1580;104669300;с.Бекет
1583;1580;104669400;с.Бугубай
1584;1520;104671000;Коныршаулинский с.о.
1585;1584;104671100;с.Таскескен
1586;1584;104671200;с.Ушбулак
1587;1520;104673000;Маканчинский с.о.
1588;1587;104673100;с.Маканчи
1589;1520;104675000;Науалинский с.о.
1590;1589;104675100;с.Науалы
1591;1589;104675200;с.Малак
1592;1520;104677000;Жогаргы Егинсуский с.о.
1593;1592;104677100;с.Жогаргы Егинсу
1594;1520;104679000;Баркытбельский с.о.
1595;1594;104679100;с.Баркытбел
1596;1594;104679300;с.Благодатное
1597;1594;104679400;с.Некрасовка
1598;1594;104679500;с.Батпакты
1599;1520;104681000;Салкынбельский с.о.
1600;1599;104681100;с.Сегизбай
1601;1599;104681300;с.Карабуйрат
1602;1520;104683000;Шолпанский с.о.
1603;1602;104683100;с.Шолпан
